"payment_month","game_name","language","has_older_device_model","age","mrr","paid_users","arppu","new_paid_users","new_mrr","back_from_churn_users","back_from_churn_mrr","churned_users","churned_revenue","previous_paid_users","previous_mrr","churn_rate","revenue_churn_rate","expansion_mrr","contraction_mrr","net_mrr_growth","lt_months","ltv"
2022-03-01,game 3,ru,false,15,38.10,1,38.10,1,38.10,0,0,0,0,,,,,0,0,38.10,,
2022-03-01,game 3,ru,false,16,23.76,1,23.76,1,23.76,0,0,0,0,,,,,0,0,23.76,,
2022-03-01,game 3,ru,false,17,75.39,2,37.70,2,75.39,0,0,0,0,,,,,0,0,75.39,,
2022-03-01,game 3,ru,false,20,17.79,1,17.79,1,17.79,0,0,0,0,,,,,0,0,17.79,,
2022-03-01,game 3,ru,false,22,65.82,3,21.94,3,65.82,0,0,0,0,,,,,0,0,65.82,,
2022-03-01,game 3,ru,false,23,190.08,3,63.36,3,190.08,0,0,0,0,,,,,0,0,190.08,,
2022-03-01,game 3,ru,false,24,78.54,2,39.27,2,78.54,0,0,0,0,,,,,0,0,78.54,,
2022-03-01,game 3,ru,false,25,105.42,2,52.71,2,105.42,0,0,0,0,,,,,0,0,105.42,,
2022-03-01,game 3,ru,false,29,13.32,1,13.32,1,13.32,0,0,0,0,,,,,0,0,13.32,,
2022-03-01,game 3,ru,false,32,38.52,1,38.52,1,38.52,0,0,0,0,,,,,0,0,38.52,,
2022-03-01,game 3,ru,false,35,12.54,1,12.54,1,12.54,0,0,0,0,,,,,0,0,12.54,,
2022-03-01,game 3,uk,false,14,15.66,1,15.66,1,15.66,0,0,0,0,,,,,0,0,15.66,,
2022-03-01,game 3,uk,false,15,90.45,2,45.23,2,90.45,0,0,0,0,,,,,0,0,90.45,,
2022-03-01,game 3,uk,false,16,65.46,2,32.73,2,65.46,0,0,0,0,,,,,0,0,65.46,,
2022-03-01,game 3,uk,false,18,42.69,2,21.35,2,42.69,0,0,0,0,,,,,0,0,42.69,,
2022-03-01,game 3,uk,false,20,155.85,5,31.17,5,155.85,0,0,0,0,,,,,0,0,155.85,,
2022-03-01,game 3,uk,false,22,48.57,2,24.29,2,48.57,0,0,0,0,,,,,0,0,48.57,,
2022-03-01,game 3,uk,false,24,92.43,3,30.81,3,92.43,0,0,0,0,,,,,0,0,92.43,,
2022-03-01,game 3,uk,false,25,122.64,1,122.64,1,122.64,0,0,0,0,,,,,0,0,122.64,,
2022-03-01,game 3,uk,false,34,22.95,1,22.95,1,22.95,0,0,0,0,,,,,0,0,22.95,,
2022-03-01,game 3,uk,false,38,12.72,1,12.72,1,12.72,0,0,0,0,,,,,0,0,12.72,,
2022-03-01,game 3,uk,true,15,13.98,1,13.98,1,13.98,0,0,0,0,,,,,0,0,13.98,,
2022-03-01,game 3,uk,true,18,120.69,3,40.23,3,120.69,0,0,0,0,,,,,0,0,120.69,,
2022-03-01,game 3,uk,true,20,27.15,1,27.15,1,27.15,0,0,0,0,,,,,0,0,27.15,,
2022-04-01,game 3,en,false,20,21.33,1,21.33,1,21.33,0,0,0,0,,,,,0,0,21.33,,
2022-04-01,game 3,ru,false,15,83.04,2,41.52,1,23.31,0,0,0,0,1,38.10,0.0000,0.0000,21.63,0,44.94,,
2022-04-01,game 3,ru,false,16,99.54,2,49.77,1,18.12,0,0,0,0,1,23.76,0.0000,0.0000,57.66,0,75.78,,
2022-04-01,game 3,ru,false,17,116.34,2,58.17,1,59.64,0,0,1,20.79,2,75.39,0.5000,0.2758,2.10,0,40.95,2.00,116.34
2022-04-01,game 3,ru,false,18,102.15,3,34.05,3,102.15,0,0,0,0,,,,,0,0,102.15,,
2022-04-01,game 3,ru,false,19,41.46,1,41.46,1,41.46,0,0,0,0,,,,,0,0,41.46,,
2022-04-01,game 3,ru,false,20,260.61,4,65.15,3,134.64,0,0,0,0,1,17.79,0.0000,0.0000,108.18,0,242.82,,
2022-04-01,game 3,ru,false,21,55.86,1,55.86,1,55.86,0,0,0,0,,,,,0,0,55.86,,
2022-04-01,game 3,ru,false,22,171.93,2,85.97,0,0,0,0,1,16.98,3,65.82,0.3333,0.2580,123.09,0,106.11,3.00,257.94
2022-04-01,game 3,ru,false,23,273.39,4,68.35,1,50.16,0,0,0,0,3,190.08,0.0000,0.0000,77.67,-44.52,83.31,,
2022-04-01,game 3,ru,false,24,84.00,2,42.00,0,0,0,0,0,0,2,78.54,0.0000,0.0000,22.47,-17.01,5.46,,
2022-04-01,game 3,ru,false,25,53.64,2,26.82,0,0,0,0,0,0,2,105.42,0.0000,0.0000,0,-51.78,-51.78,,
2022-04-01,game 3,ru,false,29,0,0,,0,0,0,0,1,13.32,1,13.32,1.0000,1.0000,0,0,-13.32,1.00,
2022-04-01,game 3,ru,false,30,35.55,1,35.55,1,35.55,0,0,0,0,,,,,0,0,35.55,,
2022-04-01,game 3,ru,false,32,58.20,1,58.20,0,0,0,0,0,0,1,38.52,0.0000,0.0000,19.68,0,19.68,,
2022-04-01,game 3,ru,false,34,12.03,1,12.03,1,12.03,0,0,0,0,,,,,0,0,12.03,,
2022-04-01,game 3,ru,false,35,0,0,,0,0,0,0,1,12.54,1,12.54,1.0000,1.0000,0,0,-12.54,1.00,
2022-04-01,game 3,ru,false,43,14.61,1,14.61,1,14.61,0,0,0,0,,,,,0,0,14.61,,
2022-04-01,game 3,ru,true,20,19.11,1,19.11,1,19.11,0,0,0,0,,,,,0,0,19.11,,
2022-04-01,game 3,ru,true,21,26.61,1,26.61,1,26.61,0,0,0,0,,,,,0,0,26.61,,
2022-04-01,game 3,ru,true,24,42.24,1,42.24,1,42.24,0,0,0,0,,,,,0,0,42.24,,
2022-04-01,game 3,uk,false,14,111.45,2,55.73,2,111.45,0,0,1,15.66,1,15.66,1.0000,1.0000,0,0,95.79,1.00,55.73
2022-04-01,game 3,uk,false,15,102.96,2,51.48,0,0,0,0,0,0,2,90.45,0.0000,0.0000,16.35,-3.84,12.51,,
2022-04-01,game 3,uk,false,16,219.15,3,73.05,1,33.03,0,0,0,0,2,65.46,0.0000,0.0000,120.66,0,153.69,,
2022-04-01,game 3,uk,false,18,70.68,2,35.34,0,0,0,0,0,0,2,42.69,0.0000,0.0000,27.99,0,27.99,,
2022-04-01,game 3,uk,false,19,67.26,1,67.26,1,67.26,0,0,0,0,,,,,0,0,67.26,,
2022-04-01,game 3,uk,false,20,259.71,4,64.93,1,47.94,0,0,2,65.76,5,155.85,0.4000,0.4219,121.68,0,103.86,2.50,162.33
2022-04-01,game 3,uk,false,21,189.33,4,47.33,4,189.33,0,0,0,0,,,,,0,0,189.33,,
2022-04-01,game 3,uk,false,22,261.03,3,87.01,2,174.15,0,0,1,25.41,2,48.57,0.5000,0.5232,63.72,0,212.46,2.00,174.02
2022-04-01,game 3,uk,false,23,198.00,3,66.00,3,198.00,0,0,0,0,,,,,0,0,198.00,,
2022-04-01,game 3,uk,false,24,117.15,3,39.05,1,31.68,0,0,1,24.15,3,92.43,0.3333,0.2613,48.51,-31.32,24.72,3.00,117.16
2022-04-01,game 3,uk,false,25,186.69,4,46.67,3,130.53,0,0,0,0,1,122.64,0.0000,0.0000,0,-66.48,64.05,,
2022-04-01,game 3,uk,false,28,18.39,1,18.39,1,18.39,0,0,0,0,,,,,0,0,18.39,,
2022-04-01,game 3,uk,false,29,16.92,1,16.92,1,16.92,0,0,0,0,,,,,0,0,16.92,,
2022-04-01,game 3,uk,false,30,14.34,1,14.34,1,14.34,0,0,0,0,,,,,0,0,14.34,,
2022-04-01,game 3,uk,false,34,39.48,1,39.48,0,0,0,0,0,0,1,22.95,0.0000,0.0000,16.53,0,16.53,,
2022-04-01,game 3,uk,false,38,48.33,1,48.33,0,0,0,0,0,0,1,12.72,0.0000,0.0000,35.61,0,35.61,,
2022-04-01,game 3,uk,true,15,14.82,1,14.82,0,0,0,0,0,0,1,13.98,0.0000,0.0000,0.84,0,0.84,,
2022-04-01,game 3,uk,true,18,18.42,1,18.42,0,0,0,0,2,104.55,3,120.69,0.6667,0.8663,2.28,0,-102.27,1.50,27.63
2022-04-01,game 3,uk,true,20,14.94,1,14.94,0,0,0,0,0,0,1,27.15,0.0000,0.0000,0,-12.21,-12.21,,
2022-04-01,game 3,uk,true,21,59.67,1,59.67,1,59.67,0,0,0,0,,,,,0,0,59.67,,
2022-05-01,game 3,en,false,16,91.17,1,91.17,1,91.17,0,0,0,0,,,,,0,0,91.17,,
2022-05-01,game 3,en,false,20,75.90,1,75.90,0,0,0,0,0,0,1,21.33,0.0000,0.0000,54.57,0,54.57,,
2022-05-01,game 3,ru,false,15,133.14,1,133.14,1,133.14,0,0,2,83.04,2,83.04,1.0000,1.0000,0,0,50.10,1.00,133.14
2022-05-01,game 3,ru,false,16,15.69,1,15.69,0,0,0,0,1,18.12,2,99.54,0.5000,0.1820,0,-65.73,-83.85,2.00,31.38
2022-05-01,game 3,ru,false,17,263.85,5,52.77,2,168.12,1,47.88,0,0,2,116.34,0.0000,0.0000,0,-68.49,147.51,,
2022-05-01,game 3,ru,false,18,96.45,3,32.15,2,81.90,0,0,2,79.11,3,102.15,0.6667,0.7744,0,-8.49,-5.70,1.50,48.22
2022-05-01,game 3,ru,false,19,53.43,2,26.72,1,40.17,0,0,0,0,1,41.46,0.0000,0.0000,0,-28.20,11.97,,
2022-05-01,game 3,ru,false,20,200.85,5,40.17,1,12.12,0,0,0,0,4,260.61,0.0000,0.0000,24.09,-95.97,-59.76,,
2022-05-01,game 3,ru,false,21,22.17,1,22.17,0,0,0,0,0,0,1,55.86,0.0000,0.0000,0,-33.69,-33.69,,
2022-05-01,game 3,ru,false,22,120.87,2,60.44,0,0,0,0,0,0,2,171.93,0.0000,0.0000,0,-51.06,-51.06,,
2022-05-01,game 3,ru,false,23,88.80,2,44.40,0,0,0,0,2,109.08,4,273.39,0.5000,0.3990,0,-75.51,-184.59,2.00,88.80
2022-05-01,game 3,ru,false,24,118.65,3,39.55,1,12.48,0,0,0,0,2,84.00,0.0000,0.0000,22.17,0,34.65,,
2022-05-01,game 3,ru,false,25,42.72,1,42.72,0,0,0,0,1,16.8,2,53.64,0.5000,0.3132,5.88,0,-10.92,2.00,85.44
2022-05-01,game 3,ru,false,27,22.86,1,22.86,1,22.86,0,0,0,0,,,,,0,0,22.86,,
2022-05-01,game 3,ru,false,30,41.88,1,41.88,0,0,0,0,0,0,1,35.55,0.0000,0.0000,6.33,0,6.33,,
2022-05-01,game 3,ru,false,31,24.36,1,24.36,1,24.36,0,0,0,0,,,,,0,0,24.36,,
2022-05-01,game 3,ru,false,32,118.95,1,118.95,0,0,0,0,0,0,1,58.20,0.0000,0.0000,60.75,0,60.75,,
2022-05-01,game 3,ru,false,34,28.32,1,28.32,0,0,0,0,0,0,1,12.03,0.0000,0.0000,16.29,0,16.29,,
2022-05-01,game 3,ru,false,35,31.56,1,31.56,0,0,1,31.56,0,0,0,0,,,0,0,31.56,,
2022-05-01,game 3,ru,false,43,0,0,,0,0,0,0,1,14.61,1,14.61,1.0000,1.0000,0,0,-14.61,1.00,
2022-05-01,game 3,ru,true,17,86.46,1,86.46,1,86.46,0,0,0,0,,,,,0,0,86.46,,
2022-05-01,game 3,ru,true,20,40.62,1,40.62,0,0,0,0,0,0,1,19.11,0.0000,0.0000,21.51,0,21.51,,
2022-05-01,game 3,ru,true,21,96.06,1,96.06,0,0,0,0,0,0,1,26.61,0.0000,0.0000,69.45,0,69.45,,
2022-05-01,game 3,ru,true,24,15.6,1,15.60,0,0,0,0,0,0,1,42.24,0.0000,0.0000,0,-26.64,-26.64,,
2022-05-01,game 3,uk,false,14,143.82,2,71.91,0,0,1,95.52,1,24.09,2,111.45,0.5000,0.2162,0,-39.06,32.37,2.00,143.82
2022-05-01,game 3,uk,false,15,138.27,2,69.14,0,0,0,0,0,0,2,102.96,0.0000,0.0000,40.41,-5.10,35.31,,
2022-05-01,game 3,uk,false,16,318.69,5,63.74,2,122.34,0,0,0,0,3,219.15,0.0000,0.0000,38.31,-61.11,99.54,,
2022-05-01,game 3,uk,false,17,32.10,1,32.10,1,32.10,0,0,0,0,,,,,0,0,32.10,,
2022-05-01,game 3,uk,false,18,0,0,,0,0,0,0,2,70.68,2,70.68,1.0000,1.0000,0,0,-70.68,1.00,
2022-05-01,game 3,uk,false,19,192.72,3,64.24,2,176.28,0,0,0,0,1,67.26,0.0000,0.0000,0,-50.82,125.46,,
2022-05-01,game 3,uk,false,20,295.74,6,49.29,1,21.84,1,18.84,0,0,4,259.71,0.0000,0.0000,42.81,-47.46,36.03,,
2022-05-01,game 3,uk,false,21,116.79,4,29.20,2,64.86,0,0,2,102.48,4,189.33,0.5000,0.5413,0,-34.92,-72.54,2.00,58.40
2022-05-01,game 3,uk,false,22,168.63,5,33.73,2,85.56,0,0,0,0,3,261.03,0.0000,0.0000,0,-177.96,-92.40,,
2022-05-01,game 3,uk,false,23,212.94,3,70.98,0,0,0,0,0,0,3,198.00,0.0000,0.0000,25.98,-11.04,14.94,,
2022-05-01,game 3,uk,false,24,155.10,4,38.78,1,49.05,1,19.92,1,13.95,3,117.15,0.3333,0.1191,38.40,-55.47,37.95,3.00,116.35
2022-05-01,game 3,uk,false,25,238.89,3,79.63,0,0,0,0,1,14.37,4,186.69,0.2500,0.0770,104.67,-38.10,52.20,4.00,318.52
2022-05-01,game 3,uk,false,26,12.99,1,12.99,1,12.99,0,0,0,0,,,,,0,0,12.99,,
2022-05-01,game 3,uk,false,28,25.17,2,12.59,2,25.17,0,0,1,18.39,1,18.39,1.0000,1.0000,0,0,6.78,1.00,12.59
2022-05-01,game 3,uk,false,29,41.37,3,13.79,3,41.37,0,0,1,16.92,1,16.92,1.0000,1.0000,0,0,24.45,1.00,13.79
2022-05-01,game 3,uk,false,30,38.43,3,12.81,2,26.34,0,0,0,0,1,14.34,0.0000,0.0000,0,-2.25,24.09,,
2022-05-01,game 3,uk,false,31,26.46,2,13.23,2,26.46,0,0,0,0,,,,,0,0,26.46,,
2022-05-01,game 3,uk,false,32,37.98,1,37.98,1,37.98,0,0,0,0,,,,,0,0,37.98,,
2022-05-01,game 3,uk,false,34,29.49,2,14.75,1,17.34,0,0,0,0,1,39.48,0.0000,0.0000,0,-27.33,-9.99,,
2022-05-01,game 3,uk,false,36,15.06,1,15.06,1,15.06,0,0,0,0,,,,,0,0,15.06,,
2022-05-01,game 3,uk,false,38,0,0,,0,0,0,0,1,48.33,1,48.33,1.0000,1.0000,0,0,-48.33,1.00,
2022-05-01,game 3,uk,false,43,15.51,1,15.51,1,15.51,0,0,0,0,,,,,0,0,15.51,,
2022-05-01,game 3,uk,false,44,24.06,1,24.06,1,24.06,0,0,0,0,,,,,0,0,24.06,,
2022-05-01,game 3,uk,true,14,65.73,1,65.73,1,65.73,0,0,0,0,,,,,0,0,65.73,,
2022-05-01,game 3,uk,true,15,28.68,1,28.68,0,0,0,0,0,0,1,14.82,0.0000,0.0000,13.86,0,13.86,,
2022-05-01,game 3,uk,true,18,55.71,2,27.86,0,0,1,30.72,0,0,1,18.42,0.0000,0.0000,6.57,0,37.29,,
2022-05-01,game 3,uk,true,20,26.40,1,26.40,0,0,0,0,0,0,1,14.94,0.0000,0.0000,11.46,0,11.46,,
2022-05-01,game 3,uk,true,21,52.32,2,26.16,1,39.96,0,0,0,0,1,59.67,0.0000,0.0000,0,-47.31,-7.35,,
2022-06-01,game 3,en,false,16,41.88,1,41.88,0,0,0,0,0,0,1,91.17,0.0000,0.0000,0,-49.29,-49.29,,
2022-06-01,game 3,en,false,20,98.37,1,98.37,0,0,0,0,0,0,1,75.90,0.0000,0.0000,22.47,0,22.47,,
2022-06-01,game 3,en,false,25,33.51,1,33.51,1,33.51,0,0,0,0,,,,,0,0,33.51,,
2022-06-01,game 3,ru,false,15,13.05,1,13.05,0,0,1,13.05,1,133.14,1,133.14,1.0000,1.0000,0,0,-120.09,1.00,13.05
2022-06-01,game 3,ru,false,16,34.35,1,34.35,0,0,0,0,0,0,1,15.69,0.0000,0.0000,18.66,0,18.66,,
2022-06-01,game 3,ru,false,17,369.36,4,92.34,0,0,0,0,1,20.85,5,263.85,0.2000,0.0790,179.40,-53.04,105.51,5.00,461.70
2022-06-01,game 3,ru,false,18,266.22,5,53.24,2,37.74,2,202.83,2,81.90,3,96.45,0.6667,0.8491,11.10,0,169.77,1.50,79.86
2022-06-01,game 3,ru,false,19,65.37,3,21.79,1,13.89,0,0,0,0,2,53.43,0.0000,0.0000,1.38,-3.33,11.94,,
2022-06-01,game 3,ru,false,20,96.57,5,19.31,0,0,0,0,0,0,5,200.85,0.0000,0.0000,0.96,-105.24,-104.28,,
2022-06-01,game 3,ru,false,21,41.52,1,41.52,0,0,0,0,0,0,1,22.17,0.0000,0.0000,19.35,0,19.35,,
2022-06-01,game 3,ru,false,22,181.17,3,60.39,2,94.32,0,0,1,62.61,2,120.87,0.5000,0.5180,28.59,0,60.30,2.00,120.78
2022-06-01,game 3,ru,false,23,154.05,4,38.51,0,0,2,127.77,0,0,2,88.80,0.0000,0.0000,0,-62.52,65.25,,
2022-06-01,game 3,ru,false,24,264.39,4,66.10,1,67.71,0,0,0,0,3,118.65,0.0000,0.0000,125.61,-47.58,145.74,,
2022-06-01,game 3,ru,false,25,151.53,3,50.51,1,56.13,1,63.45,0,0,1,42.72,0.0000,0.0000,0,-10.77,108.81,,
2022-06-01,game 3,ru,false,26,14.76,1,14.76,1,14.76,0,0,0,0,,,,,0,0,14.76,,
2022-06-01,game 3,ru,false,27,0,0,,0,0,0,0,1,22.86,1,22.86,1.0000,1.0000,0,0,-22.86,1.00,
2022-06-01,game 3,ru,false,29,49.02,2,24.51,2,49.02,0,0,0,0,0,0,,,0,0,49.02,,
2022-06-01,game 3,ru,false,30,14.49,1,14.49,0,0,0,0,0,0,1,41.88,0.0000,0.0000,0,-27.39,-27.39,,
2022-06-01,game 3,ru,false,31,0,0,,0,0,0,0,1,24.36,1,24.36,1.0000,1.0000,0,0,-24.36,1.00,
2022-06-01,game 3,ru,false,32,144.75,1,144.75,0,0,0,0,0,0,1,118.95,0.0000,0.0000,25.80,0,25.80,,
2022-06-01,game 3,ru,false,34,29.07,1,29.07,0,0,0,0,0,0,1,28.32,0.0000,0.0000,0.75,0,0.75,,
2022-06-01,game 3,ru,false,35,0,0,,0,0,0,0,1,31.56,1,31.56,1.0000,1.0000,0,0,-31.56,1.00,
2022-06-01,game 3,ru,false,37,52.83,1,52.83,1,52.83,0,0,0,0,,,,,0,0,52.83,,
2022-06-01,game 3,ru,true,17,18.54,1,18.54,0,0,0,0,0,0,1,86.46,0.0000,0.0000,0,-67.92,-67.92,,
2022-06-01,game 3,ru,true,20,0,0,,0,0,0,0,1,40.62,1,40.62,1.0000,1.0000,0,0,-40.62,1.00,
2022-06-01,game 3,ru,true,21,35.88,1,35.88,0,0,0,0,0,0,1,96.06,0.0000,0.0000,0,-60.18,-60.18,,
2022-06-01,game 3,ru,true,24,32.07,1,32.07,0,0,0,0,0,0,1,15.6,0.0000,0.0000,16.47,0,16.47,,
2022-06-01,game 3,uk,false,14,36.06,1,36.06,0,0,0,0,1,95.52,2,143.82,0.5000,0.6642,0,-12.24,-107.76,2.00,72.12
2022-06-01,game 3,uk,false,15,161.64,3,53.88,1,53.55,0,0,0,0,2,138.27,0.0000,0.0000,25.80,-55.98,23.37,,
2022-06-01,game 3,uk,false,16,260.28,5,52.06,1,74.85,0,0,1,28.35,5,318.69,0.2000,0.0890,15.51,-120.42,-58.41,5.00,260.30
2022-06-01,game 3,uk,false,17,34.11,1,34.11,0,0,0,0,0,0,1,32.10,0.0000,0.0000,2.01,0,2.01,,
2022-06-01,game 3,uk,false,18,65.76,2,32.88,1,30.87,1,34.89,0,0,0,0,,,0,0,65.76,,
2022-06-01,game 3,uk,false,19,132.09,2,66.05,0,0,0,0,1,16.44,3,192.72,0.3333,0.0853,6.21,-50.40,-60.63,3.00,198.17
2022-06-01,game 3,uk,false,20,211.50,4,52.88,0,0,0,0,2,109.59,6,295.74,0.3333,0.3706,83.58,-58.23,-84.24,3.00,158.66
2022-06-01,game 3,uk,false,21,227.22,4,56.81,0,0,1,18.66,1,20.73,4,116.79,0.2500,0.1775,112.50,0,110.43,4.00,227.24
2022-06-01,game 3,uk,false,22,172.89,4,43.22,0,0,0,0,1,17.4,5,168.63,0.2000,0.1032,37.47,-15.81,4.26,5.00,216.10
2022-06-01,game 3,uk,false,23,163.08,3,54.36,1,51.24,0,0,1,68.73,3,212.94,0.3333,0.3228,14.34,-46.71,-49.86,3.00,163.10
2022-06-01,game 3,uk,false,24,444.21,7,63.46,2,68.04,1,107.40,0,0,4,155.10,0.0000,0.0000,118.50,-4.83,289.11,,
2022-06-01,game 3,uk,false,25,269.22,5,53.84,3,88.35,0,0,1,64.86,3,238.89,0.3333,0.2715,45.33,-38.49,30.33,3.00,161.54
2022-06-01,game 3,uk,false,26,28.74,2,14.37,1,14.7,0,0,0,0,1,12.99,0.0000,0.0000,1.05,0,15.75,,
2022-06-01,game 3,uk,false,28,52.41,2,26.21,1,35.34,0,0,1,12.99,2,25.17,0.5000,0.5161,4.89,0,27.24,2.00,52.42
2022-06-01,game 3,uk,false,29,75.69,2,37.85,0,0,0,0,1,13.2,3,41.37,0.3333,0.3191,47.52,0,34.32,3.00,113.56
2022-06-01,game 3,uk,false,30,134.22,3,44.74,1,68.58,0,0,1,14.25,3,38.43,0.3333,0.3708,41.46,0,95.79,3.00,134.23
2022-06-01,game 3,uk,false,31,61.47,2,30.74,0,0,0,0,0,0,2,26.46,0.0000,0.0000,35.01,0,35.01,,
2022-06-01,game 3,uk,false,32,23.4,1,23.40,0,0,0,0,0,0,1,37.98,0.0000,0.0000,0,-14.58,-14.58,,
2022-06-01,game 3,uk,false,34,0,0,,0,0,0,0,2,29.49,2,29.49,1.0000,1.0000,0,0,-29.49,1.00,
2022-06-01,game 3,uk,false,36,0,0,,0,0,0,0,1,15.06,1,15.06,1.0000,1.0000,0,0,-15.06,1.00,
2022-06-01,game 3,uk,false,38,36.78,1,36.78,0,0,1,36.78,0,0,0,0,,,0,0,36.78,,
2022-06-01,game 3,uk,false,43,16.38,1,16.38,1,16.38,0,0,1,15.51,1,15.51,1.0000,1.0000,0,0,0.87,1.00,16.38
2022-06-01,game 3,uk,false,44,63.78,1,63.78,0,0,0,0,0,0,1,24.06,0.0000,0.0000,39.72,0,39.72,,
2022-06-01,game 3,uk,true,14,46.20,1,46.20,0,0,0,0,0,0,1,65.73,0.0000,0.0000,0,-19.53,-19.53,,
2022-06-01,game 3,uk,true,15,71.31,1,71.31,0,0,0,0,0,0,1,28.68,0.0000,0.0000,42.63,0,42.63,,
2022-06-01,game 3,uk,true,16,13.56,1,13.56,1,13.56,0,0,0,0,,,,,0,0,13.56,,
2022-06-01,game 3,uk,true,18,123.15,3,41.05,1,49.92,0,0,0,0,2,55.71,0.0000,0.0000,17.52,0,67.44,,
2022-06-01,game 3,uk,true,20,22.83,1,22.83,0,0,0,0,0,0,1,26.40,0.0000,0.0000,0,-3.57,-3.57,,
2022-06-01,game 3,uk,true,21,20.13,1,20.13,0,0,0,0,1,39.96,2,52.32,0.5000,0.7638,7.77,0,-32.19,2.00,40.26
2022-07-01,game 2,uk,true,19,26.79,1,26.79,1,26.79,0,0,0,0,,,,,0,0,26.79,,
2022-07-01,game 3,en,false,16,166.38,1,166.38,0,0,0,0,0,0,1,41.88,0.0000,0.0000,124.50,0,124.50,,
2022-07-01,game 3,en,false,20,56.04,1,56.04,0,0,0,0,0,0,1,98.37,0.0000,0.0000,0,-42.33,-42.33,,
2022-07-01,game 3,en,false,25,148.98,1,148.98,0,0,0,0,0,0,1,33.51,0.0000,0.0000,115.47,0,115.47,,
2022-07-01,game 3,ru,false,15,132.30,2,66.15,1,61.41,1,70.89,1,13.05,1,13.05,1.0000,1.0000,0,0,119.25,1.00,66.15
2022-07-01,game 3,ru,false,16,50.58,1,50.58,0,0,0,0,0,0,1,34.35,0.0000,0.0000,16.23,0,16.23,,
2022-07-01,game 3,ru,false,17,164.76,5,32.95,1,12.87,0,0,0,0,4,369.36,0.0000,0.0000,0,-217.47,-204.60,,
2022-07-01,game 3,ru,false,18,372.48,7,53.21,2,132.99,1,114.75,1,113.76,5,266.22,0.2000,0.4273,29.76,-57.48,106.26,5.00,266.05
2022-07-01,game 3,ru,false,19,77.25,3,25.75,1,12.15,0,0,1,13.89,3,65.37,0.3333,0.2125,23.43,-9.81,11.88,3.00,77.26
2022-07-01,game 3,ru,false,20,100.77,3,33.59,0,0,0,0,2,33.15,5,96.57,0.4000,0.3433,37.35,0,4.20,2.50,83.98
2022-07-01,game 3,ru,false,21,85.17,1,85.17,0,0,0,0,0,0,1,41.52,0.0000,0.0000,43.65,0,43.65,,
2022-07-01,game 3,ru,false,22,268.95,5,53.79,1,13.08,1,82.32,0,0,3,181.17,0.0000,0.0000,58.44,-66.06,87.78,,
2022-07-01,game 3,ru,false,23,86.58,2,43.29,0,0,0,0,2,26.28,4,154.05,0.5000,0.1706,34.35,-75.54,-67.47,2.00,86.58
2022-07-01,game 3,ru,false,24,307.05,5,61.41,1,12.51,0,0,0,0,4,264.39,0.0000,0.0000,72.27,-42.12,42.66,,
2022-07-01,game 3,ru,false,25,97.77,3,32.59,1,13.92,0,0,1,63.45,3,151.53,0.3333,0.4187,35.61,-39.84,-53.76,3.00,97.78
2022-07-01,game 3,ru,false,26,14.43,1,14.43,0,0,0,0,0,0,1,14.76,0.0000,0.0000,0,-0.33,-0.33,,
2022-07-01,game 3,ru,false,27,21.87,1,21.87,0,0,1,21.87,0,0,0,0,,,0,0,21.87,,
2022-07-01,game 3,ru,false,29,22.2,1,22.20,0,0,0,0,1,31.80,2,49.02,0.5000,0.6487,4.98,0,-26.82,2.00,44.40
2022-07-01,game 3,ru,false,30,0,0,,0,0,0,0,1,14.49,1,14.49,1.0000,1.0000,0,0,-14.49,1.00,
2022-07-01,game 3,ru,false,32,89.04,1,89.04,0,0,0,0,0,0,1,144.75,0.0000,0.0000,0,-55.71,-55.71,,
2022-07-01,game 3,ru,false,34,40.68,2,20.34,1,15.45,0,0,0,0,1,29.07,0.0000,0.0000,0,-3.84,11.61,,
2022-07-01,game 3,ru,false,37,126.03,2,63.02,1,39.12,0,0,0,0,1,52.83,0.0000,0.0000,34.08,0,73.20,,
2022-07-01,game 3,ru,true,17,0,0,,0,0,0,0,1,18.54,1,18.54,1.0000,1.0000,0,0,-18.54,1.00,
2022-07-01,game 3,ru,true,20,33.24,1,33.24,1,33.24,0,0,0,0,0,0,,,0,0,33.24,,
2022-07-01,game 3,ru,true,21,56.34,1,56.34,0,0,0,0,0,0,1,35.88,0.0000,0.0000,20.46,0,20.46,,
2022-07-01,game 3,ru,true,24,55.89,1,55.89,0,0,0,0,0,0,1,32.07,0.0000,0.0000,23.82,0,23.82,,
2022-07-01,game 3,ru,true,26,14.13,1,14.13,1,14.13,0,0,0,0,,,,,0,0,14.13,,
2022-07-01,game 3,uk,false,14,129.66,2,64.83,0,0,1,54.30,0,0,1,36.06,0.0000,0.0000,39.30,0,93.60,,
2022-07-01,game 3,uk,false,15,158.61,3,52.87,0,0,0,0,0,0,3,161.64,0.0000,0.0000,22.50,-25.53,-3.03,,
2022-07-01,game 3,uk,false,16,417.60,7,59.66,3,155.85,0,0,1,74.85,5,260.28,0.2000,0.2876,118.77,-42.45,157.32,5.00,298.30
2022-07-01,game 3,uk,false,17,40.23,1,40.23,0,0,0,0,0,0,1,34.11,0.0000,0.0000,6.12,0,6.12,,
2022-07-01,game 3,uk,false,18,182.85,4,45.71,2,39.57,0,0,0,0,2,65.76,0.0000,0.0000,77.52,0,117.09,,
2022-07-01,game 3,uk,false,19,427.23,7,61.03,5,223.95,0,0,0,0,2,132.09,0.0000,0.0000,89.88,-18.69,295.14,,
2022-07-01,game 3,uk,false,20,429.84,9,47.76,3,199.44,2,48.18,0,0,4,211.50,0.0000,0.0000,77.43,-106.71,218.34,,
2022-07-01,game 3,uk,false,21,349.20,6,58.20,1,31.59,1,36.66,0,0,4,227.22,0.0000,0.0000,143.16,-89.43,121.98,,
2022-07-01,game 3,uk,false,22,253.92,4,63.48,0,0,1,15.87,1,32.13,4,172.89,0.2500,0.1858,97.68,-0.39,81.03,4.00,253.92
2022-07-01,game 3,uk,false,23,324.75,5,64.95,2,59.07,0,0,0,0,3,163.08,0.0000,0.0000,102.60,0,161.67,,
2022-07-01,game 3,uk,false,24,386.70,7,55.24,0,0,0,0,0,0,7,444.21,0.0000,0.0000,83.88,-141.39,-57.51,,
2022-07-01,game 3,uk,false,25,181.59,5,36.32,2,49.08,0,0,2,124.50,5,269.22,0.4000,0.4624,36.12,-48.33,-87.63,2.50,90.80
2022-07-01,game 3,uk,false,26,50.13,2,25.07,1,16.38,0,0,1,14.04,2,28.74,0.5000,0.4885,19.05,0,21.39,2.00,50.14
2022-07-01,game 3,uk,false,27,47.01,1,47.01,1,47.01,0,0,0,0,,,,,0,0,47.01,,
2022-07-01,game 3,uk,false,28,99.30,5,19.86,1,14.64,2,39.45,0,0,2,52.41,0.0000,0.0000,12.27,-19.47,46.89,,
2022-07-01,game 3,uk,false,29,46.89,3,15.63,2,26.91,0,0,1,46.53,2,75.69,0.5000,0.6147,0,-9.18,-28.80,2.00,31.26
2022-07-01,game 3,uk,false,30,92.55,5,18.51,3,49.23,0,0,1,68.58,3,134.22,0.3333,0.5110,10.77,-33.09,-41.67,3.00,55.54
2022-07-01,game 3,uk,false,31,75.12,2,37.56,0,0,0,0,0,0,2,61.47,0.0000,0.0000,13.65,0,13.65,,
2022-07-01,game 3,uk,false,32,14.73,1,14.73,0,0,0,0,0,0,1,23.4,0.0000,0.0000,0,-8.67,-8.67,,
2022-07-01,game 3,uk,false,34,13.56,1,13.56,0,0,1,13.56,0,0,0,0,,,0,0,13.56,,
2022-07-01,game 3,uk,false,36,14.43,1,14.43,1,14.43,0,0,0,0,0,0,,,0,0,14.43,,
2022-07-01,game 3,uk,false,37,17.16,1,17.16,1,17.16,0,0,0,0,,,,,0,0,17.16,,
2022-07-01,game 3,uk,false,38,76.95,3,25.65,2,45.69,0,0,0,0,1,36.78,0.0000,0.0000,0,-5.52,40.17,,
2022-07-01,game 3,uk,false,40,14.25,1,14.25,1,14.25,0,0,0,0,,,,,0,0,14.25,,
2022-07-01,game 3,uk,false,43,34.59,1,34.59,0,0,0,0,0,0,1,16.38,0.0000,0.0000,18.21,0,18.21,,
2022-07-01,game 3,uk,false,44,0,0,,0,0,0,0,1,63.78,1,63.78,1.0000,1.0000,0,0,-63.78,1.00,
2022-07-01,game 3,uk,true,14,12.9,1,12.90,0,0,0,0,0,0,1,46.20,0.0000,0.0000,0,-33.30,-33.30,,
2022-07-01,game 3,uk,true,15,0,0,,0,0,0,0,1,71.31,1,71.31,1.0000,1.0000,0,0,-71.31,1.00,
2022-07-01,game 3,uk,true,16,0,0,,0,0,0,0,1,13.56,1,13.56,1.0000,1.0000,0,0,-13.56,1.00,
2022-07-01,game 3,uk,true,18,179.04,2,89.52,0,0,0,0,1,41.85,3,123.15,0.3333,0.3398,97.74,0,55.89,3.00,268.59
2022-07-01,game 3,uk,true,20,89.28,1,89.28,0,0,0,0,0,0,1,22.83,0.0000,0.0000,66.45,0,66.45,,
2022-07-01,game 3,uk,true,21,15.78,1,15.78,0,0,0,0,0,0,1,20.13,0.0000,0.0000,0,-4.35,-4.35,,
2022-08-01,game 2,en,false,31,12.93,1,12.93,1,12.93,0,0,0,0,,,,,0,0,12.93,,
2022-08-01,game 2,uk,false,18,22.65,1,22.65,1,22.65,0,0,0,0,,,,,0,0,22.65,,
2022-08-01,game 2,uk,true,19,0,0,,0,0,0,0,1,26.79,1,26.79,1.0000,1.0000,0,0,-26.79,1.00,
2022-08-01,game 3,en,false,16,205.05,1,205.05,0,0,0,0,0,0,1,166.38,0.0000,0.0000,38.67,0,38.67,,
2022-08-01,game 3,en,false,20,58.02,1,58.02,0,0,0,0,0,0,1,56.04,0.0000,0.0000,1.98,0,1.98,,
2022-08-01,game 3,en,false,25,78.39,1,78.39,0,0,0,0,0,0,1,148.98,0.0000,0.0000,0,-70.59,-70.59,,
2022-08-01,game 3,ru,false,14,19.8,1,19.80,1,19.8,0,0,0,0,,,,,0,0,19.8,,
2022-08-01,game 3,ru,false,15,125.55,3,41.85,0,0,1,18.3,0,0,2,132.30,0.0000,0.0000,3.42,-28.47,-6.75,,
2022-08-01,game 3,ru,false,16,97.08,1,97.08,0,0,0,0,0,0,1,50.58,0.0000,0.0000,46.50,0,46.50,,
2022-08-01,game 3,ru,false,17,258.93,3,86.31,0,0,0,0,2,53.88,5,164.76,0.4000,0.3270,148.05,0,94.17,2.50,215.78
2022-08-01,game 3,ru,false,18,280.77,6,46.80,0,0,0,0,1,15.21,7,372.48,0.1429,0.0408,48.87,-125.37,-91.71,7.00,327.50
2022-08-01,game 3,ru,false,19,98.79,3,32.93,2,57.48,0,0,2,50.22,3,77.25,0.6667,0.6501,14.28,0,21.54,1.50,49.39
2022-08-01,game 3,ru,false,20,101.40,3,33.80,1,39.30,0,0,1,35.22,3,100.77,0.3333,0.3495,7.20,-10.65,0.63,3.00,101.41
2022-08-01,game 3,ru,false,21,17.4,1,17.40,0,0,0,0,0,0,1,85.17,0.0000,0.0000,0,-67.77,-67.77,,
2022-08-01,game 3,ru,false,22,156.51,3,52.17,0,0,0,0,2,62.31,5,268.95,0.4000,0.2317,4.68,-54.81,-112.44,2.50,130.43
2022-08-01,game 3,ru,false,23,260.94,4,65.24,1,89.04,2,107.10,1,65.79,2,86.58,0.5000,0.7599,44.01,0,174.36,2.00,130.48
2022-08-01,game 3,ru,false,24,143.55,4,35.89,0,0,0,0,1,12.51,5,307.05,0.2000,0.0407,29.52,-180.51,-163.50,5.00,179.45
2022-08-01,game 3,ru,false,25,94.59,2,47.30,0,0,0,0,1,13.92,3,97.77,0.3333,0.1424,10.74,0,-3.18,3.00,141.91
2022-08-01,game 3,ru,false,26,59.40,1,59.40,0,0,0,0,0,0,1,14.43,0.0000,0.0000,44.97,0,44.97,,
2022-08-01,game 3,ru,false,27,64.47,2,32.24,1,47.13,0,0,0,0,1,21.87,0.0000,0.0000,0,-4.53,42.60,,
2022-08-01,game 3,ru,false,29,23.1,1,23.10,0,0,0,0,0,0,1,22.2,0.0000,0.0000,0.9,0,0.9,,
2022-08-01,game 3,ru,false,31,53.28,1,53.28,0,0,1,53.28,0,0,0,0,,,0,0,53.28,,
2022-08-01,game 3,ru,false,32,104.70,1,104.70,0,0,0,0,0,0,1,89.04,0.0000,0.0000,15.66,0,15.66,,
2022-08-01,game 3,ru,false,33,56.22,2,28.11,2,56.22,0,0,0,0,,,,,0,0,56.22,,
2022-08-01,game 3,ru,false,34,91.89,3,30.63,1,59.34,0,0,0,0,2,40.68,0.0000,0.0000,0,-8.13,51.21,,
2022-08-01,game 3,ru,false,35,15.84,1,15.84,1,15.84,0,0,0,0,0,0,,,0,0,15.84,,
2022-08-01,game 3,ru,false,37,42.87,1,42.87,0,0,0,0,1,39.12,2,126.03,0.5000,0.3104,0,-44.04,-83.16,2.00,85.74
2022-08-01,game 3,ru,false,43,13.47,1,13.47,0,0,1,13.47,0,0,0,0,,,0,0,13.47,,
2022-08-01,game 3,ru,true,20,80.07,2,40.04,0,0,1,42.84,0,0,1,33.24,0.0000,0.0000,3.99,0,46.83,,
2022-08-01,game 3,ru,true,21,12.6,1,12.60,0,0,0,0,0,0,1,56.34,0.0000,0.0000,0,-43.74,-43.74,,
2022-08-01,game 3,ru,true,24,36.27,1,36.27,0,0,0,0,0,0,1,55.89,0.0000,0.0000,0,-19.62,-19.62,,
2022-08-01,game 3,ru,true,26,40.83,1,40.83,0,0,0,0,0,0,1,14.13,0.0000,0.0000,26.70,0,26.70,,
2022-08-01,game 3,uk,false,14,68.43,1,68.43,1,68.43,0,0,2,129.66,2,129.66,1.0000,1.0000,0,0,-61.23,1.00,68.43
2022-08-01,game 3,uk,false,15,269.85,4,67.46,1,115.14,0,0,0,0,3,158.61,0.0000,0.0000,29.97,-33.87,111.24,,
2022-08-01,game 3,uk,false,16,499.59,11,45.42,3,80.82,2,58.38,1,96.51,7,417.60,0.1429,0.2311,125.07,-85.77,81.99,7.00,317.84
2022-08-01,game 3,uk,false,17,132.36,4,33.09,3,91.62,0,0,0,0,1,40.23,0.0000,0.0000,0.51,0,92.13,,
2022-08-01,game 3,uk,false,18,158.40,4,39.60,2,66.78,0,0,2,112.26,4,182.85,0.5000,0.6139,51.39,-30.36,-24.45,2.00,79.20
2022-08-01,game 3,uk,false,19,548.76,7,78.39,1,16.41,0,0,1,13.71,7,427.23,0.1429,0.0321,246.00,-127.17,121.53,7.00,548.57
2022-08-01,game 3,uk,false,20,473.07,10,47.31,4,161.37,0,0,3,116.22,9,429.84,0.3333,0.2704,107.16,-109.08,43.23,3.00,141.94
2022-08-01,game 3,uk,false,21,296.43,5,59.29,1,43.62,0,0,2,83.55,6,349.20,0.3333,0.2393,76.14,-88.98,-52.77,3.00,177.89
2022-08-01,game 3,uk,false,22,222.99,4,55.75,1,59.88,0,0,1,71.58,4,253.92,0.2500,0.2819,2.46,-21.69,-30.93,4.00,223.00
2022-08-01,game 3,uk,false,23,162.33,3,54.11,0,0,0,0,2,158.61,5,324.75,0.4000,0.4884,73.08,-76.89,-162.42,2.50,135.28
2022-08-01,game 3,uk,false,24,523.44,7,74.78,1,324.15,0,0,1,109.26,7,386.70,0.1429,0.2825,62.94,-141.09,136.74,7.00,523.30
2022-08-01,game 3,uk,false,25,406.95,7,58.14,2,84.03,1,56.10,1,27.06,5,181.59,0.2000,0.1490,141.33,-29.04,225.36,5.00,290.70
2022-08-01,game 3,uk,false,26,40.95,2,20.48,0,0,0,0,0,0,2,50.13,0.0000,0.0000,0,-9.18,-9.18,,
2022-08-01,game 3,uk,false,27,41.94,1,41.94,0,0,0,0,0,0,1,47.01,0.0000,0.0000,0,-5.07,-5.07,,
2022-08-01,game 3,uk,false,28,162.78,6,27.13,2,44.04,0,0,1,21.39,5,99.30,0.2000,0.2154,46.38,-5.55,63.48,5.00,135.65
2022-08-01,game 3,uk,false,29,13.59,1,13.59,0,0,1,13.59,3,46.89,3,46.89,1.0000,1.0000,0,0,-33.30,1.00,13.59
2022-08-01,game 3,uk,false,30,59.88,4,14.97,1,13.29,0,0,2,43.32,5,92.55,0.4000,0.4681,1.29,-3.93,-32.67,2.50,37.43
2022-08-01,game 3,uk,false,31,71.04,2,35.52,1,30.21,0,0,1,22.35,2,75.12,0.5000,0.2975,0,-11.94,-4.08,2.00,71.04
2022-08-01,game 3,uk,false,32,219.15,6,36.53,5,193.02,0,0,0,0,1,14.73,0.0000,0.0000,11.40,0,204.42,,
2022-08-01,game 3,uk,false,33,13.98,1,13.98,1,13.98,0,0,0,0,,,,,0,0,13.98,,
2022-08-01,game 3,uk,false,34,12.18,1,12.18,1,12.18,0,0,1,13.56,1,13.56,1.0000,1.0000,0,0,-1.38,1.00,12.18
2022-08-01,game 3,uk,false,36,26.31,1,26.31,0,0,1,26.31,1,14.43,1,14.43,1.0000,1.0000,0,0,11.88,1.00,26.31
2022-08-01,game 3,uk,false,37,39.48,1,39.48,0,0,0,0,0,0,1,17.16,0.0000,0.0000,22.32,0,22.32,,
2022-08-01,game 3,uk,false,38,87.84,2,43.92,0,0,0,0,1,14.55,3,76.95,0.3333,0.1891,38.10,-12.66,10.89,3.00,131.77
2022-08-01,game 3,uk,false,40,0,0,,0,0,0,0,1,14.25,1,14.25,1.0000,1.0000,0,0,-14.25,1.00,
2022-08-01,game 3,uk,false,41,13.74,1,13.74,1,13.74,0,0,0,0,,,,,0,0,13.74,,
2022-08-01,game 3,uk,false,42,14.73,1,14.73,1,14.73,0,0,0,0,,,,,0,0,14.73,,
2022-08-01,game 3,uk,false,43,0,0,,0,0,0,0,1,34.59,1,34.59,1.0000,1.0000,0,0,-34.59,1.00,
2022-08-01,game 3,uk,false,44,12.45,1,12.45,1,12.45,0,0,0,0,0,0,,,0,0,12.45,,
2022-08-01,game 3,uk,true,14,35.79,1,35.79,0,0,0,0,0,0,1,12.9,0.0000,0.0000,22.89,0,22.89,,
2022-08-01,game 3,uk,true,17,16.05,1,16.05,1,16.05,0,0,0,0,,,,,0,0,16.05,,
2022-08-01,game 3,uk,true,18,185.55,4,46.39,2,69.66,0,0,0,0,2,179.04,0.0000,0.0000,0,-63.15,6.51,,
2022-08-01,game 3,uk,true,19,25.83,1,25.83,1,25.83,0,0,0,0,,,,,0,0,25.83,,
2022-08-01,game 3,uk,true,20,16.56,1,16.56,0,0,0,0,0,0,1,89.28,0.0000,0.0000,0,-72.72,-72.72,,
2022-08-01,game 3,uk,true,21,17.16,1,17.16,0,0,0,0,0,0,1,15.78,0.0000,0.0000,1.38,0,1.38,,
2022-09-01,game 2,en,false,31,0,0,,0,0,0,0,1,12.93,1,12.93,1.0000,1.0000,0,0,-12.93,1.00,
2022-09-01,game 2,en,false,35,33.57,1,33.57,1,33.57,0,0,0,0,,,,,0,0,33.57,,
2022-09-01,game 2,uk,false,18,0,0,,0,0,0,0,1,22.65,1,22.65,1.0000,1.0000,0,0,-22.65,1.00,
2022-09-01,game 3,en,false,16,252.66,1,252.66,0,0,0,0,0,0,1,205.05,0.0000,0.0000,47.61,0,47.61,,
2022-09-01,game 3,en,false,20,35.67,1,35.67,0,0,0,0,0,0,1,58.02,0.0000,0.0000,0,-22.35,-22.35,,
2022-09-01,game 3,en,false,25,70.14,1,70.14,0,0,0,0,0,0,1,78.39,0.0000,0.0000,0,-8.25,-8.25,,
2022-09-01,game 3,en,false,28,18.33,1,18.33,1,18.33,0,0,0,0,,,,,0,0,18.33,,
2022-09-01,game 3,ru,false,14,49.50,1,49.50,0,0,0,0,0,0,1,19.8,0.0000,0.0000,29.70,0,29.70,,
2022-09-01,game 3,ru,false,15,74.37,3,24.79,1,35.28,0,0,1,18.3,3,125.55,0.3333,0.1458,0,-68.16,-51.18,3.00,74.38
2022-09-01,game 3,ru,false,16,18.72,1,18.72,0,0,0,0,0,0,1,97.08,0.0000,0.0000,0,-78.36,-78.36,,
2022-09-01,game 3,ru,false,17,130.41,4,32.60,0,0,1,20.19,0,0,3,258.93,0.0000,0.0000,0,-148.71,-128.52,,
2022-09-01,game 3,ru,false,18,156.30,5,31.26,1,14.04,1,21.51,3,132.27,6,280.77,0.5000,0.4711,47.43,-75.18,-124.47,2.00,62.52
2022-09-01,game 3,ru,false,19,109.08,3,36.36,0,0,1,31.53,1,14.88,3,98.79,0.3333,0.1506,9.60,-15.96,10.29,3.00,109.09
2022-09-01,game 3,ru,false,20,66.87,2,33.44,0,0,1,43.53,2,53.49,3,101.40,0.6667,0.5275,0,-24.57,-34.53,1.50,50.16
2022-09-01,game 3,ru,false,21,53.52,1,53.52,0,0,0,0,0,0,1,17.4,0.0000,0.0000,36.12,0,36.12,,
2022-09-01,game 3,ru,false,22,95.58,3,31.86,0,0,1,13.8,1,29.52,3,156.51,0.3333,0.1886,0,-45.21,-60.93,3.00,95.59
2022-09-01,game 3,ru,false,23,183.03,4,45.76,0,0,1,18.51,1,48.18,4,260.94,0.2500,0.1846,26.13,-74.37,-77.91,4.00,183.04
2022-09-01,game 3,ru,false,24,167.43,4,41.86,1,43.83,0,0,1,36.57,4,143.55,0.2500,0.2548,47.28,-30.66,23.88,4.00,167.44
2022-09-01,game 3,ru,false,25,149.28,4,37.32,1,28.32,1,53.01,0,0,2,94.59,0.0000,0.0000,0,-26.64,54.69,,
2022-09-01,game 3,ru,false,26,0,0,,0,0,0,0,1,59.40,1,59.40,1.0000,1.0000,0,0,-59.40,1.00,
2022-09-01,game 3,ru,false,27,47.37,2,23.69,1,15.33,0,0,1,17.34,2,64.47,0.5000,0.2690,0,-15.09,-17.10,2.00,47.38
2022-09-01,game 3,ru,false,29,0,0,,0,0,0,0,1,23.1,1,23.1,1.0000,1.0000,0,0,-23.1,1.00,
2022-09-01,game 3,ru,false,31,44.70,1,44.70,0,0,0,0,0,0,1,53.28,0.0000,0.0000,0,-8.58,-8.58,,
2022-09-01,game 3,ru,false,32,90.87,1,90.87,0,0,0,0,0,0,1,104.70,0.0000,0.0000,0,-13.83,-13.83,,
2022-09-01,game 3,ru,false,33,43.29,1,43.29,1,43.29,0,0,2,56.22,2,56.22,1.0000,1.0000,0,0,-12.93,1.00,43.29
2022-09-01,game 3,ru,false,34,98.61,2,49.31,0,0,0,0,1,59.34,3,91.89,0.3333,0.6458,66.06,0,6.72,3.00,147.94
2022-09-01,game 3,ru,false,35,0,0,,0,0,0,0,1,15.84,1,15.84,1.0000,1.0000,0,0,-15.84,1.00,
2022-09-01,game 3,ru,false,37,16.98,1,16.98,0,0,0,0,0,0,1,42.87,0.0000,0.0000,0,-25.89,-25.89,,
2022-09-01,game 3,ru,false,43,0,0,,0,0,0,0,1,13.47,1,13.47,1.0000,1.0000,0,0,-13.47,1.00,
2022-09-01,game 3,ru,true,20,79.08,1,79.08,0,0,0,0,1,42.84,2,80.07,0.5000,0.5350,41.85,0,-0.99,2.00,158.16
2022-09-01,game 3,ru,true,21,32.70,1,32.70,0,0,0,0,0,0,1,12.6,0.0000,0.0000,20.10,0,20.10,,
2022-09-01,game 3,ru,true,24,20.91,1,20.91,0,0,0,0,0,0,1,36.27,0.0000,0.0000,0,-15.36,-15.36,,
2022-09-01,game 3,ru,true,26,90.09,1,90.09,0,0,0,0,0,0,1,40.83,0.0000,0.0000,49.26,0,49.26,,
2022-09-01,game 3,uk,false,14,87.60,2,43.80,0,0,1,60.06,0,0,1,68.43,0.0000,0.0000,0,-40.89,19.17,,
2022-09-01,game 3,uk,false,15,221.55,5,44.31,1,42.54,0,0,0,0,4,269.85,0.0000,0.0000,5.94,-96.78,-48.30,,
2022-09-01,game 3,uk,false,16,642.87,11,58.44,2,156.87,1,43.5,3,146.55,11,499.59,0.2727,0.2933,146.70,-57.24,143.28,3.67,214.30
2022-09-01,game 3,uk,false,17,119.73,3,39.91,0,0,0,0,1,45.93,4,132.36,0.2500,0.3470,33.30,0,-12.63,4.00,159.64
2022-09-01,game 3,uk,false,18,249.27,6,41.55,1,13.2,1,18.21,0,0,4,158.40,0.0000,0.0000,91.56,-32.10,90.87,,
2022-09-01,game 3,uk,false,19,364.41,9,40.49,2,104.07,0,0,0,0,7,548.76,0.0000,0.0000,24.33,-312.75,-184.35,,
2022-09-01,game 3,uk,false,20,559.86,13,43.07,2,47.91,2,70.95,1,13.47,10,473.07,0.1000,0.0285,69.96,-88.56,86.79,10.00,430.70
2022-09-01,game 3,uk,false,21,428.91,7,61.27,2,169.38,1,29.34,1,58.50,5,296.43,0.2000,0.1973,17.37,-25.11,132.48,5.00,306.35
2022-09-01,game 3,uk,false,22,374.22,5,74.84,3,201.36,0,0,2,75.30,4,222.99,0.5000,0.3377,45.03,-19.86,151.23,2.00,149.68
2022-09-01,game 3,uk,false,23,187.62,7,26.80,2,30.33,2,29.79,0,0,3,162.33,0.0000,0.0000,15.90,-50.73,25.29,,
2022-09-01,game 3,uk,false,24,379.05,7,54.15,0,0,0,0,0,0,7,523.44,0.0000,0.0000,9.87,-154.26,-144.39,,
2022-09-01,game 3,uk,false,25,628.62,10,62.86,5,211.47,0,0,2,70.95,7,406.95,0.2857,0.1743,179.64,-98.49,221.67,3.50,220.02
2022-09-01,game 3,uk,false,26,57.15,2,28.58,0,0,1,26.64,1,14.64,2,40.95,0.5000,0.3575,4.20,0,16.20,2.00,57.16
2022-09-01,game 3,uk,false,27,64.95,1,64.95,0,0,0,0,0,0,1,41.94,0.0000,0.0000,23.01,0,23.01,,
2022-09-01,game 3,uk,false,28,147.51,4,36.88,0,0,1,27.93,3,48.87,6,162.78,0.5000,0.3002,16.20,-10.53,-15.27,2.00,73.76
2022-09-01,game 3,uk,false,29,72.33,3,24.11,1,15.72,1,15.06,0,0,1,13.59,0.0000,0.0000,27.96,0,58.74,,
2022-09-01,game 3,uk,false,30,148.08,6,24.68,2,27.69,3,76.47,3,46.59,4,59.88,0.7500,0.7781,30.63,0,88.20,1.33,32.91
2022-09-01,game 3,uk,false,31,98.79,2,49.40,0,0,0,0,0,0,2,71.04,0.0000,0.0000,33.09,-5.34,27.75,,
2022-09-01,game 3,uk,false,32,230.43,6,38.41,0,0,0,0,0,0,6,219.15,0.0000,0.0000,39.09,-27.81,11.28,,
2022-09-01,game 3,uk,false,33,49.50,3,16.50,2,33.45,0,0,0,0,1,13.98,0.0000,0.0000,2.07,0,35.52,,
2022-09-01,game 3,uk,false,34,71.88,2,35.94,1,36.45,0,0,0,0,1,12.18,0.0000,0.0000,23.25,0,59.70,,
2022-09-01,game 3,uk,false,36,0,0,,0,0,0,0,1,26.31,1,26.31,1.0000,1.0000,0,0,-26.31,1.00,
2022-09-01,game 3,uk,false,37,0,0,,0,0,0,0,1,39.48,1,39.48,1.0000,1.0000,0,0,-39.48,1.00,
2022-09-01,game 3,uk,false,38,71.40,2,35.70,0,0,0,0,0,0,2,87.84,0.0000,0.0000,3.39,-19.83,-16.44,,
2022-09-01,game 3,uk,false,39,14.88,1,14.88,1,14.88,0,0,0,0,,,,,0,0,14.88,,
2022-09-01,game 3,uk,false,41,0,0,,0,0,0,0,1,13.74,1,13.74,1.0000,1.0000,0,0,-13.74,1.00,
2022-09-01,game 3,uk,false,42,0,0,,0,0,0,0,1,14.73,1,14.73,1.0000,1.0000,0,0,-14.73,1.00,
2022-09-01,game 3,uk,false,44,15.21,1,15.21,0,0,1,15.21,1,12.45,1,12.45,1.0000,1.0000,0,0,2.76,1.00,15.21
2022-09-01,game 3,uk,true,14,0,0,,0,0,0,0,1,35.79,1,35.79,1.0000,1.0000,0,0,-35.79,1.00,
2022-09-01,game 3,uk,true,17,0,0,,0,0,0,0,1,16.05,1,16.05,1.0000,1.0000,0,0,-16.05,1.00,
2022-09-01,game 3,uk,true,18,351.42,6,58.57,2,50.79,0,0,0,0,4,185.55,0.0000,0.0000,117.54,-2.46,165.87,,
2022-09-01,game 3,uk,true,19,0,0,,0,0,0,0,1,25.83,1,25.83,1.0000,1.0000,0,0,-25.83,1.00,
2022-09-01,game 3,uk,true,20,18.24,1,18.24,0,0,0,0,0,0,1,16.56,0.0000,0.0000,1.68,0,1.68,,
2022-09-01,game 3,uk,true,21,19.74,1,19.74,0,0,0,0,0,0,1,17.16,0.0000,0.0000,2.58,0,2.58,,
2022-09-01,game 3,uk,true,25,18.12,1,18.12,1,18.12,0,0,0,0,,,,,0,0,18.12,,
2022-10-01,game 1,uk,true,21,25.71,1,25.71,1,25.71,0,0,0,0,,,,,0,0,25.71,,
2022-10-01,game 2,en,false,35,12.69,1,12.69,0,0,0,0,0,0,1,33.57,0.0000,0.0000,0,-20.88,-20.88,,
2022-10-01,game 2,ru,true,21,12.24,1,12.24,1,12.24,0,0,0,0,,,,,0,0,12.24,,
2022-10-01,game 2,uk,false,18,36.57,1,36.57,0,0,1,36.57,0,0,0,0,,,0,0,36.57,,
2022-10-01,game 2,uk,false,21,47.46,1,47.46,1,47.46,0,0,0,0,,,,,0,0,47.46,,
2022-10-01,game 3,en,false,16,130.92,1,130.92,0,0,0,0,0,0,1,252.66,0.0000,0.0000,0,-121.74,-121.74,,
2022-10-01,game 3,en,false,20,0,0,,0,0,0,0,1,35.67,1,35.67,1.0000,1.0000,0,0,-35.67,1.00,
2022-10-01,game 3,en,false,25,49.08,1,49.08,0,0,0,0,0,0,1,70.14,0.0000,0.0000,0,-21.06,-21.06,,
2022-10-01,game 3,en,false,28,25.77,1,25.77,0,0,0,0,0,0,1,18.33,0.0000,0.0000,7.44,0,7.44,,
2022-10-01,game 3,ru,false,14,14.91,1,14.91,0,0,0,0,0,0,1,49.50,0.0000,0.0000,0,-34.59,-34.59,,
2022-10-01,game 3,ru,false,15,183.66,2,91.83,0,0,0,0,1,35.28,3,74.37,0.3333,0.4744,144.57,0,109.29,3.00,275.52
2022-10-01,game 3,ru,false,16,219.96,3,73.32,3,219.96,0,0,1,18.72,1,18.72,1.0000,1.0000,0,0,201.24,1.00,73.32
2022-10-01,game 3,ru,false,17,238.44,5,47.69,1,37.08,0,0,0,0,4,130.41,0.0000,0.0000,102.18,-31.23,108.03,,
2022-10-01,game 3,ru,false,18,364.68,5,72.94,0,0,1,42.90,1,21.51,5,156.30,0.2000,0.1376,211.44,-24.45,208.38,5.00,364.70
2022-10-01,game 3,ru,false,19,182.67,5,36.53,1,14.4,2,91.32,1,50.91,3,109.08,0.3333,0.4667,33.48,-14.70,73.59,3.00,109.60
2022-10-01,game 3,ru,false,20,175.38,3,58.46,0,0,2,56.76,1,23.34,2,66.87,0.5000,0.3490,75.09,0,108.51,2.00,116.92
2022-10-01,game 3,ru,false,21,64.11,2,32.06,1,25.89,0,0,0,0,1,53.52,0.0000,0.0000,0,-15.30,10.59,,
2022-10-01,game 3,ru,false,22,219.90,4,54.98,1,74.28,1,94.71,1,13.8,3,95.58,0.3333,0.1444,14.73,-45.60,124.32,3.00,164.96
2022-10-01,game 3,ru,false,23,115.08,2,57.54,0,0,0,0,2,103.56,4,183.03,0.5000,0.5658,35.61,0,-67.95,2.00,115.08
2022-10-01,game 3,ru,false,24,31.20,2,15.60,0,0,0,0,2,87.87,4,167.43,0.5000,0.5248,1.74,-50.10,-136.23,2.00,31.20
2022-10-01,game 3,ru,false,25,201.03,5,40.21,1,27.0,0,0,0,0,4,149.28,0.0000,0.0000,48.09,-23.34,51.75,,
2022-10-01,game 3,ru,false,26,28.95,1,28.95,1,28.95,0,0,0,0,0,0,,,0,0,28.95,,
2022-10-01,game 3,ru,false,27,0,0,,0,0,0,0,2,47.37,2,47.37,1.0000,1.0000,0,0,-47.37,1.00,
2022-10-01,game 3,ru,false,28,23.31,1,23.31,1,23.31,0,0,0,0,,,,,0,0,23.31,,
2022-10-01,game 3,ru,false,29,59.79,2,29.90,1,43.68,1,16.11,0,0,0,0,,,0,0,59.79,,
2022-10-01,game 3,ru,false,30,17.16,1,17.16,0,0,1,17.16,0,0,0,0,,,0,0,17.16,,
2022-10-01,game 3,ru,false,31,16.05,1,16.05,0,0,0,0,0,0,1,44.70,0.0000,0.0000,0,-28.65,-28.65,,
2022-10-01,game 3,ru,false,32,77.64,1,77.64,0,0,0,0,0,0,1,90.87,0.0000,0.0000,0,-13.23,-13.23,,
2022-10-01,game 3,ru,false,33,18.78,1,18.78,1,18.78,0,0,1,43.29,1,43.29,1.0000,1.0000,0,0,-24.51,1.00,18.78
2022-10-01,game 3,ru,false,34,113.04,3,37.68,0,0,1,31.8,0,0,2,98.61,0.0000,0.0000,5.61,-22.98,14.43,,
2022-10-01,game 3,ru,false,37,47.79,1,47.79,0,0,1,47.79,1,16.98,1,16.98,1.0000,1.0000,0,0,30.81,1.00,47.79
2022-10-01,game 3,ru,false,44,12.6,1,12.60,1,12.6,0,0,0,0,,,,,0,0,12.6,,
2022-10-01,game 3,ru,true,20,167.43,2,83.72,0,0,1,30.57,0,0,1,79.08,0.0000,0.0000,57.78,0,88.35,,
2022-10-01,game 3,ru,true,21,27.30,1,27.30,0,0,0,0,0,0,1,32.70,0.0000,0.0000,0,-5.40,-5.40,,
2022-10-01,game 3,ru,true,24,19.02,1,19.02,0,0,0,0,0,0,1,20.91,0.0000,0.0000,0,-1.89,-1.89,,
2022-10-01,game 3,ru,true,26,17.82,1,17.82,0,0,0,0,0,0,1,90.09,0.0000,0.0000,0,-72.27,-72.27,,
2022-10-01,game 3,uk,false,14,195.60,5,39.12,2,53.34,1,47.46,0,0,2,87.60,0.0000,0.0000,41.04,-33.84,108.00,,
2022-10-01,game 3,uk,false,15,222.30,5,44.46,1,36.75,0,0,1,42.54,5,221.55,0.2000,0.1920,39.84,-33.30,0.75,5.00,222.30
2022-10-01,game 3,uk,false,16,761.04,13,58.54,0,0,2,195.15,0,0,11,642.87,0.0000,0.0000,128.13,-205.11,118.17,,
2022-10-01,game 3,uk,false,17,175.02,5,35.00,3,138.63,0,0,1,55.17,3,119.73,0.3333,0.4608,3.24,-31.41,55.29,3.00,105.01
2022-10-01,game 3,uk,false,18,282.66,6,47.11,1,15.48,0,0,1,19.56,6,249.27,0.1667,0.0785,81.39,-43.92,33.39,6.00,282.60
2022-10-01,game 3,uk,false,19,624.48,10,62.45,6,320.91,0,0,5,200.37,9,364.41,0.5556,0.5498,155.10,-15.57,260.07,1.80,112.40
2022-10-01,game 3,uk,false,20,582.60,11,52.96,0,0,0,0,2,58.86,13,559.86,0.1538,0.1051,214.41,-132.81,22.74,6.50,344.34
2022-10-01,game 3,uk,false,21,408.63,6,68.11,1,24.96,0,0,2,121.35,7,428.91,0.2857,0.2829,177.45,-101.34,-20.28,3.50,238.40
2022-10-01,game 3,uk,false,22,242.67,5,48.53,0,0,0,0,0,0,5,374.22,0.0000,0.0000,18.99,-150.54,-131.55,,
2022-10-01,game 3,uk,false,23,276.39,9,30.71,2,31.29,0,0,0,0,7,187.62,0.0000,0.0000,123.42,-65.94,88.77,,
2022-10-01,game 3,uk,false,24,644.94,8,80.62,1,19.17,1,71.91,1,50.19,7,379.05,0.1429,0.1324,286.41,-61.41,265.89,7.00,564.17
2022-10-01,game 3,uk,false,25,660.51,13,50.81,2,73.74,3,118.68,2,119.55,10,628.62,0.2000,0.1902,112.26,-153.24,31.89,5.00,254.05
2022-10-01,game 3,uk,false,26,78.33,4,19.58,2,28.20,1,18.0,1,26.64,2,57.15,0.5000,0.4661,1.62,0,21.18,2.00,39.16
2022-10-01,game 3,uk,false,27,0,0,,0,0,0,0,1,64.95,1,64.95,1.0000,1.0000,0,0,-64.95,1.00,
2022-10-01,game 3,uk,false,28,73.98,2,36.99,0,0,0,0,2,90.51,4,147.51,0.5000,0.6136,33.84,-16.86,-73.53,2.00,73.98
2022-10-01,game 3,uk,false,29,39.72,3,13.24,0,0,1,13.59,1,15.06,3,72.33,0.3333,0.2082,0,-31.14,-32.61,3.00,39.72
2022-10-01,game 3,uk,false,30,109.20,3,36.40,0,0,0,0,3,76.47,6,148.08,0.5000,0.5164,60.45,-22.86,-38.88,2.00,72.80
2022-10-01,game 3,uk,false,31,35.73,1,35.73,0,0,0,0,1,63.30,2,98.79,0.5000,0.6408,0.24,0,-63.06,2.00,71.46
2022-10-01,game 3,uk,false,32,138.27,4,34.57,0,0,0,0,2,39.45,6,230.43,0.3333,0.1712,21.48,-74.19,-92.16,3.00,103.72
2022-10-01,game 3,uk,false,33,52.98,3,17.66,0,0,0,0,0,0,3,49.50,0.0000,0.0000,4.89,-1.41,3.48,,
2022-10-01,game 3,uk,false,34,19.23,1,19.23,0,0,0,0,1,35.43,2,71.88,0.5000,0.4929,0,-17.22,-52.65,2.00,38.46
2022-10-01,game 3,uk,false,37,12.33,1,12.33,0,0,1,12.33,0,0,0,0,,,0,0,12.33,,
2022-10-01,game 3,uk,false,38,143.19,2,71.60,0,0,0,0,0,0,2,71.40,0.0000,0.0000,77.31,-5.52,71.79,,
2022-10-01,game 3,uk,false,39,0,0,,0,0,0,0,1,14.88,1,14.88,1.0000,1.0000,0,0,-14.88,1.00,
2022-10-01,game 3,uk,false,40,12.51,1,12.51,1,12.51,0,0,0,0,0,0,,,0,0,12.51,,
2022-10-01,game 3,uk,false,44,34.44,1,34.44,0,0,0,0,0,0,1,15.21,0.0000,0.0000,19.23,0,19.23,,
2022-10-01,game 3,uk,true,14,39.75,2,19.88,1,12.75,1,27.00,0,0,0,0,,,0,0,39.75,,
2022-10-01,game 3,uk,true,15,18.84,1,18.84,1,18.84,0,0,0,0,0,0,,,0,0,18.84,,
2022-10-01,game 3,uk,true,18,291.57,5,58.31,0,0,0,0,1,103.62,6,351.42,0.1667,0.2949,99.33,-55.56,-59.85,6.00,349.79
2022-10-01,game 3,uk,true,19,19.65,1,19.65,0,0,1,19.65,0,0,0,0,,,0,0,19.65,,
2022-10-01,game 3,uk,true,20,0,0,,0,0,0,0,1,18.24,1,18.24,1.0000,1.0000,0,0,-18.24,1.00,
2022-10-01,game 3,uk,true,21,126.06,2,63.03,1,69.78,1,56.28,1,19.74,1,19.74,1.0000,1.0000,0,0,106.32,1.00,63.03
2022-10-01,game 3,uk,true,25,23.1,1,23.10,0,0,0,0,0,0,1,18.12,0.0000,0.0000,4.98,0,4.98,,
2022-11-01,game 1,uk,false,26,30.54,1,30.54,1,30.54,0,0,0,0,,,,,0,0,30.54,,
2022-11-01,game 1,uk,true,21,0,0,,0,0,0,0,1,25.71,1,25.71,1.0000,1.0000,0,0,-25.71,1.00,
2022-11-01,game 2,en,false,35,0,0,,0,0,0,0,1,12.69,1,12.69,1.0000,1.0000,0,0,-12.69,1.00,
2022-11-01,game 2,ru,true,21,0,0,,0,0,0,0,1,12.24,1,12.24,1.0000,1.0000,0,0,-12.24,1.00,
2022-11-01,game 2,uk,false,18,0,0,,0,0,0,0,1,36.57,1,36.57,1.0000,1.0000,0,0,-36.57,1.00,
2022-11-01,game 2,uk,false,21,0,0,,0,0,0,0,1,47.46,1,47.46,1.0000,1.0000,0,0,-47.46,1.00,
2022-11-01,game 3,en,false,16,0,0,,0,0,0,0,1,130.92,1,130.92,1.0000,1.0000,0,0,-130.92,1.00,
2022-11-01,game 3,en,false,25,376.56,1,376.56,0,0,0,0,0,0,1,49.08,0.0000,0.0000,327.48,0,327.48,,
2022-11-01,game 3,en,false,28,122.97,1,122.97,0,0,0,0,0,0,1,25.77,0.0000,0.0000,97.20,0,97.20,,
2022-11-01,game 3,ru,false,14,29.22,1,29.22,0,0,0,0,0,0,1,14.91,0.0000,0.0000,14.31,0,14.31,,
2022-11-01,game 3,ru,false,15,152.43,2,76.22,0,0,0,0,0,0,2,183.66,0.0000,0.0000,73.44,-104.67,-31.23,,
2022-11-01,game 3,ru,false,16,270.60,4,67.65,1,119.55,0,0,0,0,3,219.96,0.0000,0.0000,0,-68.91,50.64,,
2022-11-01,game 3,ru,false,17,155.25,2,77.63,0,0,0,0,3,155.16,5,238.44,0.6000,0.6507,71.97,0,-83.19,1.67,129.38
2022-11-01,game 3,ru,false,18,210.66,6,35.11,0,0,2,56.85,1,42.90,5,364.68,0.2000,0.1176,7.44,-175.41,-154.02,5.00,175.55
2022-11-01,game 3,ru,false,19,172.20,2,86.10,0,0,0,0,3,85.92,5,182.67,0.6000,0.4704,78.33,-2.88,-10.47,1.67,143.50
2022-11-01,game 3,ru,false,20,79.29,3,26.43,0,0,0,0,0,0,3,175.38,0.0000,0.0000,0.54,-96.63,-96.09,,
2022-11-01,game 3,ru,false,21,146.31,3,48.77,1,29.22,0,0,0,0,2,64.11,0.0000,0.0000,61.86,-8.88,82.20,,
2022-11-01,game 3,ru,false,22,168.39,2,84.20,0,0,0,0,2,108.18,4,219.90,0.5000,0.4920,56.67,0,-51.51,2.00,168.40
2022-11-01,game 3,ru,false,23,162.57,2,81.29,0,0,1,14.43,1,59.28,2,115.08,0.5000,0.5151,92.34,0,47.49,2.00,162.58
2022-11-01,game 3,ru,false,24,308.58,5,61.72,1,21.24,2,146.85,0,0,2,31.20,0.0000,0.0000,109.29,0,277.38,,
2022-11-01,game 3,ru,false,25,218.55,4,54.64,0,0,0,0,1,27.0,5,201.03,0.2000,0.1343,121.20,-76.68,17.52,5.00,273.20
2022-11-01,game 3,ru,false,26,74.73,2,37.37,0,0,1,37.80,0,0,1,28.95,0.0000,0.0000,7.98,0,45.78,,
2022-11-01,game 3,ru,false,27,21.45,1,21.45,0,0,1,21.45,0,0,0,0,,,0,0,21.45,,
2022-11-01,game 3,ru,false,28,0,0,,0,0,0,0,1,23.31,1,23.31,1.0000,1.0000,0,0,-23.31,1.00,
2022-11-01,game 3,ru,false,29,17.28,1,17.28,0,0,0,0,1,16.11,2,59.79,0.5000,0.2694,0,-26.40,-42.51,2.00,34.56
2022-11-01,game 3,ru,false,30,0,0,,0,0,0,0,1,17.16,1,17.16,1.0000,1.0000,0,0,-17.16,1.00,
2022-11-01,game 3,ru,false,31,0,0,,0,0,0,0,1,16.05,1,16.05,1.0000,1.0000,0,0,-16.05,1.00,
2022-11-01,game 3,ru,false,32,0,0,,0,0,0,0,1,77.64,1,77.64,1.0000,1.0000,0,0,-77.64,1.00,
2022-11-01,game 3,ru,false,33,0,0,,0,0,0,0,1,18.78,1,18.78,1.0000,1.0000,0,0,-18.78,1.00,
2022-11-01,game 3,ru,false,34,56.22,2,28.11,0,0,0,0,1,31.8,3,113.04,0.3333,0.2813,14.04,-39.06,-56.82,3.00,84.34
2022-11-01,game 3,ru,false,37,54.81,2,27.41,0,0,1,27.18,0,0,1,47.79,0.0000,0.0000,0,-20.16,7.02,,
2022-11-01,game 3,ru,false,43,13.86,1,13.86,0,0,1,13.86,0,0,0,0,,,0,0,13.86,,
2022-11-01,game 3,ru,false,44,0,0,,0,0,0,0,1,12.6,1,12.6,1.0000,1.0000,0,0,-12.6,1.00,
2022-11-01,game 3,ru,true,14,32.16,1,32.16,1,32.16,0,0,0,0,,,,,0,0,32.16,,
2022-11-01,game 3,ru,true,20,90.03,2,45.02,0,0,0,0,0,0,2,167.43,0.0000,0.0000,0.51,-77.91,-77.40,,
2022-11-01,game 3,ru,true,21,45.24,1,45.24,0,0,0,0,0,0,1,27.30,0.0000,0.0000,17.94,0,17.94,,
2022-11-01,game 3,ru,true,24,20.97,1,20.97,0,0,0,0,0,0,1,19.02,0.0000,0.0000,1.95,0,1.95,,
2022-11-01,game 3,ru,true,26,0,0,,0,0,0,0,1,17.82,1,17.82,1.0000,1.0000,0,0,-17.82,1.00,
2022-11-01,game 3,uk,false,14,192.12,3,64.04,0,0,0,0,2,73.68,5,195.60,0.4000,0.3767,110.70,-40.50,-3.48,2.50,160.10
2022-11-01,game 3,uk,false,15,62.07,1,62.07,0,0,0,0,4,183.90,5,222.30,0.8000,0.8273,23.67,0,-160.23,1.25,77.59
2022-11-01,game 3,uk,false,16,576.45,9,64.05,0,0,0,0,4,133.20,13,761.04,0.3077,0.1750,145.35,-196.74,-184.59,3.25,208.16
2022-11-01,game 3,uk,false,17,169.35,6,28.23,1,50.82,0,0,0,0,5,175.02,0.0000,0.0000,20.79,-77.28,-5.67,,
2022-11-01,game 3,uk,false,18,216.93,4,54.23,0,0,1,105.99,3,149.40,6,282.66,0.5000,0.5286,37.65,-59.97,-65.73,2.00,108.46
2022-11-01,game 3,uk,false,19,601.41,11,54.67,2,87.33,1,33.57,2,90.39,10,624.48,0.2000,0.1447,94.38,-147.96,-23.07,5.00,273.35
2022-11-01,game 3,uk,false,20,403.92,10,40.39,0,0,1,23.28,2,81.99,11,582.60,0.1818,0.1407,38.07,-158.04,-178.68,5.50,222.17
2022-11-01,game 3,uk,false,21,277.98,8,34.75,1,33.33,2,87.45,1,32.85,6,408.63,0.1667,0.0804,0,-218.58,-130.65,6.00,208.46
2022-11-01,game 3,uk,false,22,350.85,7,50.12,1,15.3,1,63.21,0,0,5,242.67,0.0000,0.0000,56.91,-27.24,108.18,,
2022-11-01,game 3,uk,false,23,251.37,7,35.91,1,15.51,0,0,3,137.40,9,276.39,0.3333,0.4971,118.38,-21.51,-25.02,3.00,107.74
2022-11-01,game 3,uk,false,24,261.51,6,43.59,0,0,1,12.12,3,273.72,8,644.94,0.3750,0.4244,2.43,-124.26,-383.43,2.67,116.24
2022-11-01,game 3,uk,false,25,404.85,10,40.49,0,0,3,99.12,6,231.36,13,660.51,0.4615,0.3503,89.82,-213.24,-255.66,2.17,87.74
2022-11-01,game 3,uk,false,26,153.45,4,38.36,1,12.6,0,0,1,18.0,4,78.33,0.2500,0.2298,94.98,-14.46,75.12,4.00,153.44
2022-11-01,game 3,uk,false,27,121.11,2,60.56,1,17.19,1,103.92,0,0,0,0,,,0,0,121.11,,
2022-11-01,game 3,uk,false,28,210.63,9,23.40,6,138.24,1,41.70,0,0,2,73.98,0.0000,0.0000,3.48,-46.77,136.65,,
2022-11-01,game 3,uk,false,29,118.62,3,39.54,0,0,1,29.16,1,13.23,3,39.72,0.3333,0.3331,62.97,0,78.90,3.00,118.63
2022-11-01,game 3,uk,false,30,188.70,7,26.96,0,0,4,64.41,0,0,3,109.20,0.0000,0.0000,23.70,-8.61,79.50,,
2022-11-01,game 3,uk,false,31,176.10,3,58.70,1,58.17,1,45.00,0,0,1,35.73,0.0000,0.0000,37.20,0,140.37,,
2022-11-01,game 3,uk,false,32,107.31,4,26.83,0,0,1,19.83,1,16.86,4,138.27,0.2500,0.1219,5.82,-39.75,-30.96,4.00,107.32
2022-11-01,game 3,uk,false,33,30.78,1,30.78,0,0,0,0,2,35.34,3,52.98,0.6667,0.6670,13.14,0,-22.20,1.50,46.17
2022-11-01,game 3,uk,false,34,87.66,3,29.22,2,73.92,0,0,0,0,1,19.23,0.0000,0.0000,0,-5.49,68.43,,
2022-11-01,game 3,uk,false,35,15.66,1,15.66,1,15.66,0,0,0,0,,,,,0,0,15.66,,
2022-11-01,game 3,uk,false,36,25.35,2,12.68,0,0,2,25.35,0,0,0,0,,,0,0,25.35,,
2022-11-01,game 3,uk,false,37,0,0,,0,0,0,0,1,12.33,1,12.33,1.0000,1.0000,0,0,-12.33,1.00,
2022-11-01,game 3,uk,false,38,14.85,1,14.85,0,0,0,0,1,16.35,2,143.19,0.5000,0.1142,0,-111.99,-128.34,2.00,29.70
2022-11-01,game 3,uk,false,39,26.94,2,13.47,1,13.65,1,13.29,0,0,0,0,,,0,0,26.94,,
2022-11-01,game 3,uk,false,40,29.22,1,29.22,0,0,1,29.22,1,12.51,1,12.51,1.0000,1.0000,0,0,16.71,1.00,29.22
2022-11-01,game 3,uk,false,44,0,0,,0,0,0,0,1,34.44,1,34.44,1.0000,1.0000,0,0,-34.44,1.00,
2022-11-01,game 3,uk,true,14,49.92,1,49.92,0,0,0,0,1,12.75,2,39.75,0.5000,0.3208,22.92,0,10.17,2.00,99.84
2022-11-01,game 3,uk,true,15,0,0,,0,0,0,0,1,18.84,1,18.84,1.0000,1.0000,0,0,-18.84,1.00,
2022-11-01,game 3,uk,true,18,91.47,3,30.49,0,0,0,0,2,120.36,5,291.57,0.4000,0.4128,0,-79.74,-200.10,2.50,76.23
2022-11-01,game 3,uk,true,19,26.52,1,26.52,0,0,0,0,0,0,1,19.65,0.0000,0.0000,6.87,0,6.87,,
2022-11-01,game 3,uk,true,20,48.39,2,24.20,1,17.13,1,31.26,0,0,0,0,,,0,0,48.39,,
2022-11-01,game 3,uk,true,21,0,0,,0,0,0,0,2,126.06,2,126.06,1.0000,1.0000,0,0,-126.06,1.00,
2022-11-01,game 3,uk,true,25,102.63,3,34.21,2,80.97,0,0,0,0,1,23.1,0.0000,0.0000,0,-1.44,79.53,,
2022-12-01,game 1,uk,false,20,13.14,1,13.14,1,13.14,0,0,0,0,,,,,0,0,13.14,,
2022-12-01,game 1,uk,false,26,0,0,,0,0,0,0,1,30.54,1,30.54,1.0000,1.0000,0,0,-30.54,1.00,
2022-12-01,game 2,uk,false,30,15.93,1,15.93,1,15.93,0,0,0,0,,,,,0,0,15.93,,
2022-12-01,game 3,en,false,24,82.14,1,82.14,1,82.14,0,0,0,0,,,,,0,0,82.14,,
2022-12-01,game 3,en,false,25,119.94,1,119.94,0,0,0,0,0,0,1,376.56,0.0000,0.0000,0,-256.62,-256.62,,
2022-12-01,game 3,en,false,28,32.79,1,32.79,0,0,0,0,0,0,1,122.97,0.0000,0.0000,0,-90.18,-90.18,,
2022-12-01,game 3,en,false,29,45.06,1,45.06,1,45.06,0,0,0,0,,,,,0,0,45.06,,
2022-12-01,game 3,ru,false,14,34.14,1,34.14,0,0,0,0,0,0,1,29.22,0.0000,0.0000,4.92,0,4.92,,
2022-12-01,game 3,ru,false,15,166.89,4,41.72,0,0,2,39.72,0,0,2,152.43,0.0000,0.0000,4.71,-29.97,14.46,,
2022-12-01,game 3,ru,false,16,251.07,4,62.77,1,17.07,0,0,1,43.08,4,270.60,0.2500,0.1592,40.83,-34.35,-19.53,4.00,251.08
2022-12-01,game 3,ru,false,17,315.36,5,63.07,2,134.79,1,16.95,0,0,2,155.25,0.0000,0.0000,68.34,-59.97,160.11,,
2022-12-01,game 3,ru,false,18,82.41,1,82.41,0,0,0,0,5,148.11,6,210.66,0.8333,0.7031,19.86,0,-128.25,1.20,98.90
2022-12-01,game 3,ru,false,19,191.97,3,63.99,1,62.82,0,0,0,0,2,172.20,0.0000,0.0000,45.33,-88.38,19.77,,
2022-12-01,game 3,ru,false,20,106.23,2,53.12,0,0,1,92.10,2,50.16,3,79.29,0.6667,0.6326,0,-15.00,26.94,1.50,79.68
2022-12-01,game 3,ru,false,21,95.16,2,47.58,0,0,0,0,1,29.34,3,146.31,0.3333,0.2005,0,-21.81,-51.15,3.00,142.75
2022-12-01,game 3,ru,false,22,133.08,3,44.36,0,0,1,104.46,0,0,2,168.39,0.0000,0.0000,0,-139.77,-35.31,,
2022-12-01,game 3,ru,false,23,73.92,3,24.64,0,0,2,32.76,1,148.14,2,162.57,0.5000,0.9112,26.73,0,-88.65,2.00,49.28
2022-12-01,game 3,ru,false,24,262.47,5,52.49,0,0,0,0,0,0,5,308.58,0.0000,0.0000,39.09,-85.20,-46.11,,
2022-12-01,game 3,ru,false,25,373.14,5,74.63,1,78.00,1,69.96,1,14.19,4,218.55,0.2500,0.0649,105.96,-85.14,154.59,4.00,298.52
2022-12-01,game 3,ru,false,26,0,0,,0,0,0,0,2,74.73,2,74.73,1.0000,1.0000,0,0,-74.73,1.00,
2022-12-01,game 3,ru,false,27,12.72,1,12.72,0,0,0,0,0,0,1,21.45,0.0000,0.0000,0,-8.73,-8.73,,
2022-12-01,game 3,ru,false,29,62.97,2,31.49,0,0,1,12.69,0,0,1,17.28,0.0000,0.0000,33.00,0,45.69,,
2022-12-01,game 3,ru,false,34,0,0,,0,0,0,0,2,56.22,2,56.22,1.0000,1.0000,0,0,-56.22,1.00,
2022-12-01,game 3,ru,false,37,41.94,1,41.94,0,0,0,0,1,27.63,2,54.81,0.5000,0.5041,14.76,0,-12.87,2.00,83.88
2022-12-01,game 3,ru,false,43,0,0,,0,0,0,0,1,13.86,1,13.86,1.0000,1.0000,0,0,-13.86,1.00,
2022-12-01,game 3,ru,true,14,39.66,1,39.66,0,0,0,0,0,0,1,32.16,0.0000,0.0000,7.50,0,7.50,,
2022-12-01,game 3,ru,true,20,47.13,1,47.13,0,0,0,0,1,31.08,2,90.03,0.5000,0.3452,0,-11.82,-42.90,2.00,94.26
2022-12-01,game 3,ru,true,21,20.88,1,20.88,0,0,0,0,0,0,1,45.24,0.0000,0.0000,0,-24.36,-24.36,,
2022-12-01,game 3,ru,true,24,0,0,,0,0,0,0,1,20.97,1,20.97,1.0000,1.0000,0,0,-20.97,1.00,
2022-12-01,game 3,ru,true,26,16.47,1,16.47,0,0,1,16.47,0,0,0,0,,,0,0,16.47,,
2022-12-01,game 3,uk,false,14,319.80,6,53.30,3,138.93,0,0,0,0,3,192.12,0.0000,0.0000,29.55,-40.80,127.68,,
2022-12-01,game 3,uk,false,15,154.65,4,38.66,1,16.08,2,121.05,0,0,1,62.07,0.0000,0.0000,0,-44.55,92.58,,
2022-12-01,game 3,uk,false,16,565.74,12,47.15,2,43.23,3,112.44,2,79.62,9,576.45,0.2222,0.1381,168.00,-254.76,-10.71,4.50,212.20
2022-12-01,game 3,uk,false,17,323.37,5,64.67,1,24.51,0,0,2,62.52,6,169.35,0.3333,0.3692,192.03,0,154.02,3.00,194.03
2022-12-01,game 3,uk,false,18,288.90,6,48.15,2,100.89,1,39.39,1,12.51,4,216.93,0.2500,0.0577,14.97,-70.77,71.97,4.00,192.60
2022-12-01,game 3,uk,false,19,710.37,14,50.74,2,84.90,3,118.83,2,73.89,11,601.41,0.1818,0.1229,137.76,-158.64,108.96,5.50,279.10
2022-12-01,game 3,uk,false,20,435.33,13,33.49,1,32.94,2,53.25,0,0,10,403.92,0.0000,0.0000,82.38,-137.16,31.41,,
2022-12-01,game 3,uk,false,21,186.99,5,37.40,0,0,0,0,3,106.26,8,277.98,0.3750,0.3823,65.43,-50.16,-90.99,2.67,99.73
2022-12-01,game 3,uk,false,22,505.71,8,63.21,1,76.14,0,0,0,0,7,350.85,0.0000,0.0000,152.85,-74.13,154.86,,
2022-12-01,game 3,uk,false,23,298.92,9,33.21,2,49.86,2,114.99,2,37.53,7,251.37,0.2857,0.1493,2.85,-82.62,47.55,3.50,116.24
2022-12-01,game 3,uk,false,24,352.38,4,88.10,0,0,1,102.84,3,64.92,6,261.51,0.5000,0.2483,129.30,-76.35,90.87,2.00,176.20
2022-12-01,game 3,uk,false,25,590.13,12,49.18,1,75.39,2,79.65,1,59.04,10,404.85,0.1000,0.1458,156.24,-66.96,185.28,10.00,491.80
2022-12-01,game 3,uk,false,26,85.98,5,17.20,1,16.5,1,13.14,1,26.76,4,153.45,0.2500,0.1744,0.78,-71.13,-67.47,4.00,68.80
2022-12-01,game 3,uk,false,27,40.02,2,20.01,1,22.8,0,0,1,17.19,2,121.11,0.5000,0.1419,0,-86.70,-81.09,2.00,40.02
2022-12-01,game 3,uk,false,28,101.13,3,33.71,0,0,0,0,6,149.01,9,210.63,0.6667,0.7074,49.56,-10.05,-109.50,1.50,50.56
2022-12-01,game 3,uk,false,29,50.1,2,25.05,0,0,0,0,1,30.48,3,118.62,0.3333,0.2570,7.44,-45.48,-68.52,3.00,75.16
2022-12-01,game 3,uk,false,30,140.19,5,28.04,2,82.74,0,0,4,144.78,7,188.70,0.5714,0.7672,18.87,-5.34,-48.51,1.75,49.07
2022-12-01,game 3,uk,false,31,48.42,2,24.21,1,17.28,0,0,2,117.93,3,176.10,0.6667,0.6697,0,-27.03,-127.68,1.50,36.31
2022-12-01,game 3,uk,false,32,30.51,2,15.26,0,0,1,13.62,3,79.89,4,107.31,0.7500,0.7445,0,-10.53,-76.80,1.33,20.35
2022-12-01,game 3,uk,false,33,0,0,,0,0,0,0,1,30.78,1,30.78,1.0000,1.0000,0,0,-30.78,1.00,
2022-12-01,game 3,uk,false,34,30.24,2,15.12,0,0,0,0,1,20.85,3,87.66,0.3333,0.2379,2.16,-38.73,-57.42,3.00,45.36
2022-12-01,game 3,uk,false,35,0,0,,0,0,0,0,1,15.66,1,15.66,1.0000,1.0000,0,0,-15.66,1.00,
2022-12-01,game 3,uk,false,36,0,0,,0,0,0,0,2,25.35,2,25.35,1.0000,1.0000,0,0,-25.35,1.00,
2022-12-01,game 3,uk,false,38,46.38,1,46.38,0,0,1,46.38,1,14.85,1,14.85,1.0000,1.0000,0,0,31.53,1.00,46.38
2022-12-01,game 3,uk,false,39,0,0,,0,0,0,0,2,26.94,2,26.94,1.0000,1.0000,0,0,-26.94,1.00,
2022-12-01,game 3,uk,false,40,25.83,1,25.83,0,0,0,0,0,0,1,29.22,0.0000,0.0000,0,-3.39,-3.39,,
2022-12-01,game 3,uk,false,44,22.14,1,22.14,0,0,1,22.14,0,0,0,0,,,0,0,22.14,,
2022-12-01,game 3,uk,true,14,27.42,1,27.42,0,0,0,0,0,0,1,49.92,0.0000,0.0000,0,-22.50,-22.50,,
2022-12-01,game 3,uk,true,18,130.44,3,43.48,0,0,2,111.54,2,61.77,3,91.47,0.6667,0.6753,0,-10.80,38.97,1.50,65.22
2022-12-01,game 3,uk,true,19,33.81,1,33.81,0,0,0,0,0,0,1,26.52,0.0000,0.0000,7.29,0,7.29,,
2022-12-01,game 3,uk,true,20,88.74,2,44.37,0,0,0,0,0,0,2,48.39,0.0000,0.0000,49.86,-9.51,40.35,,
2022-12-01,game 3,uk,true,21,51.42,2,25.71,1,24.69,1,26.73,0,0,0,0,,,0,0,51.42,,
2022-12-01,game 3,uk,true,22,12.09,1,12.09,1,12.09,0,0,0,0,,,,,0,0,12.09,,
2022-12-01,game 3,uk,true,25,106.02,3,35.34,0,0,0,0,0,0,3,102.63,0.0000,0.0000,34.68,-31.29,3.39,,
2023-01-01,game 1,uk,false,20,0,0,,0,0,0,0,1,13.14,1,13.14,1.0000,1.0000,0,0,-13.14,1.00,
2023-01-01,game 2,uk,false,30,0,0,,0,0,0,0,1,15.93,1,15.93,1.0000,1.0000,0,0,-15.93,1.00,
2023-01-01,game 3,en,false,24,0,0,,0,0,0,0,1,82.14,1,82.14,1.0000,1.0000,0,0,-82.14,1.00,
2023-01-01,game 3,en,false,25,0,0,,0,0,0,0,1,119.94,1,119.94,1.0000,1.0000,0,0,-119.94,1.00,
2023-01-01,game 3,en,false,28,0,0,,0,0,0,0,1,32.79,1,32.79,1.0000,1.0000,0,0,-32.79,1.00,
2023-01-01,game 3,en,false,29,0,0,,0,0,0,0,1,45.06,1,45.06,1.0000,1.0000,0,0,-45.06,1.00,
2023-01-01,game 3,ru,false,14,0,0,,0,0,0,0,1,34.14,1,34.14,1.0000,1.0000,0,0,-34.14,1.00,
2023-01-01,game 3,ru,false,15,0,0,,0,0,0,0,4,166.89,4,166.89,1.0000,1.0000,0,0,-166.89,1.00,
2023-01-01,game 3,ru,false,16,0,0,,0,0,0,0,4,251.07,4,251.07,1.0000,1.0000,0,0,-251.07,1.00,
2023-01-01,game 3,ru,false,17,0,0,,0,0,0,0,5,315.36,5,315.36,1.0000,1.0000,0,0,-315.36,1.00,
2023-01-01,game 3,ru,false,18,0,0,,0,0,0,0,1,82.41,1,82.41,1.0000,1.0000,0,0,-82.41,1.00,
2023-01-01,game 3,ru,false,19,0,0,,0,0,0,0,3,191.97,3,191.97,1.0000,1.0000,0,0,-191.97,1.00,
2023-01-01,game 3,ru,false,20,0,0,,0,0,0,0,2,106.23,2,106.23,1.0000,1.0000,0,0,-106.23,1.00,
2023-01-01,game 3,ru,false,21,0,0,,0,0,0,0,2,95.16,2,95.16,1.0000,1.0000,0,0,-95.16,1.00,
2023-01-01,game 3,ru,false,22,0,0,,0,0,0,0,3,133.08,3,133.08,1.0000,1.0000,0,0,-133.08,1.00,
2023-01-01,game 3,ru,false,23,0,0,,0,0,0,0,3,73.92,3,73.92,1.0000,1.0000,0,0,-73.92,1.00,
2023-01-01,game 3,ru,false,24,0,0,,0,0,0,0,5,262.47,5,262.47,1.0000,1.0000,0,0,-262.47,1.00,
2023-01-01,game 3,ru,false,25,0,0,,0,0,0,0,5,373.14,5,373.14,1.0000,1.0000,0,0,-373.14,1.00,
2023-01-01,game 3,ru,false,27,0,0,,0,0,0,0,1,12.72,1,12.72,1.0000,1.0000,0,0,-12.72,1.00,
2023-01-01,game 3,ru,false,29,0,0,,0,0,0,0,2,62.97,2,62.97,1.0000,1.0000,0,0,-62.97,1.00,
2023-01-01,game 3,ru,false,37,0,0,,0,0,0,0,1,41.94,1,41.94,1.0000,1.0000,0,0,-41.94,1.00,
2023-01-01,game 3,ru,true,14,0,0,,0,0,0,0,1,39.66,1,39.66,1.0000,1.0000,0,0,-39.66,1.00,
2023-01-01,game 3,ru,true,20,0,0,,0,0,0,0,1,47.13,1,47.13,1.0000,1.0000,0,0,-47.13,1.00,
2023-01-01,game 3,ru,true,21,0,0,,0,0,0,0,1,20.88,1,20.88,1.0000,1.0000,0,0,-20.88,1.00,
2023-01-01,game 3,ru,true,26,0,0,,0,0,0,0,1,16.47,1,16.47,1.0000,1.0000,0,0,-16.47,1.00,
2023-01-01,game 3,uk,false,14,0,0,,0,0,0,0,6,319.80,6,319.80,1.0000,1.0000,0,0,-319.80,1.00,
2023-01-01,game 3,uk,false,15,0,0,,0,0,0,0,4,154.65,4,154.65,1.0000,1.0000,0,0,-154.65,1.00,
2023-01-01,game 3,uk,false,16,0,0,,0,0,0,0,12,565.74,12,565.74,1.0000,1.0000,0,0,-565.74,1.00,
2023-01-01,game 3,uk,false,17,0,0,,0,0,0,0,5,323.37,5,323.37,1.0000,1.0000,0,0,-323.37,1.00,
2023-01-01,game 3,uk,false,18,0,0,,0,0,0,0,6,288.90,6,288.90,1.0000,1.0000,0,0,-288.90,1.00,
2023-01-01,game 3,uk,false,19,0,0,,0,0,0,0,14,710.37,14,710.37,1.0000,1.0000,0,0,-710.37,1.00,
2023-01-01,game 3,uk,false,20,0,0,,0,0,0,0,13,435.33,13,435.33,1.0000,1.0000,0,0,-435.33,1.00,
2023-01-01,game 3,uk,false,21,0,0,,0,0,0,0,5,186.99,5,186.99,1.0000,1.0000,0,0,-186.99,1.00,
2023-01-01,game 3,uk,false,22,0,0,,0,0,0,0,8,505.71,8,505.71,1.0000,1.0000,0,0,-505.71,1.00,
2023-01-01,game 3,uk,false,23,0,0,,0,0,0,0,9,298.92,9,298.92,1.0000,1.0000,0,0,-298.92,1.00,
2023-01-01,game 3,uk,false,24,0,0,,0,0,0,0,4,352.38,4,352.38,1.0000,1.0000,0,0,-352.38,1.00,
2023-01-01,game 3,uk,false,25,0,0,,0,0,0,0,12,590.13,12,590.13,1.0000,1.0000,0,0,-590.13,1.00,
2023-01-01,game 3,uk,false,26,0,0,,0,0,0,0,5,85.98,5,85.98,1.0000,1.0000,0,0,-85.98,1.00,
2023-01-01,game 3,uk,false,27,0,0,,0,0,0,0,2,40.02,2,40.02,1.0000,1.0000,0,0,-40.02,1.00,
2023-01-01,game 3,uk,false,28,0,0,,0,0,0,0,3,101.13,3,101.13,1.0000,1.0000,0,0,-101.13,1.00,
2023-01-01,game 3,uk,false,29,0,0,,0,0,0,0,2,50.1,2,50.1,1.0000,1.0000,0,0,-50.1,1.00,
2023-01-01,game 3,uk,false,30,0,0,,0,0,0,0,5,140.19,5,140.19,1.0000,1.0000,0,0,-140.19,1.00,
2023-01-01,game 3,uk,false,31,0,0,,0,0,0,0,2,48.42,2,48.42,1.0000,1.0000,0,0,-48.42,1.00,
2023-01-01,game 3,uk,false,32,0,0,,0,0,0,0,2,30.51,2,30.51,1.0000,1.0000,0,0,-30.51,1.00,
2023-01-01,game 3,uk,false,34,0,0,,0,0,0,0,2,30.24,2,30.24,1.0000,1.0000,0,0,-30.24,1.00,
2023-01-01,game 3,uk,false,38,0,0,,0,0,0,0,1,46.38,1,46.38,1.0000,1.0000,0,0,-46.38,1.00,
2023-01-01,game 3,uk,false,40,0,0,,0,0,0,0,1,25.83,1,25.83,1.0000,1.0000,0,0,-25.83,1.00,
2023-01-01,game 3,uk,false,44,0,0,,0,0,0,0,1,22.14,1,22.14,1.0000,1.0000,0,0,-22.14,1.00,
2023-01-01,game 3,uk,true,14,0,0,,0,0,0,0,1,27.42,1,27.42,1.0000,1.0000,0,0,-27.42,1.00,
2023-01-01,game 3,uk,true,18,0,0,,0,0,0,0,3,130.44,3,130.44,1.0000,1.0000,0,0,-130.44,1.00,
2023-01-01,game 3,uk,true,19,0,0,,0,0,0,0,1,33.81,1,33.81,1.0000,1.0000,0,0,-33.81,1.00,
2023-01-01,game 3,uk,true,20,0,0,,0,0,0,0,2,88.74,2,88.74,1.0000,1.0000,0,0,-88.74,1.00,
2023-01-01,game 3,uk,true,21,0,0,,0,0,0,0,2,51.42,2,51.42,1.0000,1.0000,0,0,-51.42,1.00,
2023-01-01,game 3,uk,true,22,0,0,,0,0,0,0,1,12.09,1,12.09,1.0000,1.0000,0,0,-12.09,1.00,
2023-01-01,game 3,uk,true,25,0,0,,0,0,0,0,3,106.02,3,106.02,1.0000,1.0000,0,0,-106.02,1.00,
